luna_run,triad,1,1,0.9961152376419938,1
luna_run,triad,1,2,1.003351158072572,1
luna_run,triad,1,4,1.002309786337401,1
luna_run,triad,1,8,1.0017516839124199,1
luna_run,triad,1,16,0.9944517738058664,1
luna_run,sum,1,1,1.0006542348678806,1
luna_run,sum,1,2,1.0015245566817912,1
luna_run,sum,1,4,1.0001937629399646,1
luna_run,sum,1,8,0.9994959019334712,1
luna_run,sum,1,16,1.000741801567727,1
luna_run,stream,1,1,0.9930162427489713,1
luna_run,stream,1,2,0.9904833064271361,1
luna_run,stream,1,4,0.9914978145351748,1
luna_run,stream,1,8,0.9921499101192245,1
luna_run,stream,1,16,0.9879524692579101,1
luna_run,peakflops,1,1,1.000038189074106,1
luna_run,peakflops,1,2,1.0000223476804027,1
luna_run,peakflops,1,4,1.0000476656221247,1
luna_run,peakflops,1,8,1.0002792045640188,1
luna_run,peakflops,1,16,1.0001355004925683,1
luna_run,ddot,1,1,1.0530964945692538,1
luna_run,ddot,1,2,0.9905035159158743,1
luna_run,ddot,1,4,0.9805376821157262,1
luna_run,ddot,1,8,1.0249719722385737,1
luna_run,ddot,1,16,1.0014864718654994,1
luna_run,daxpy,1,1,0.9960347407225563,1
luna_run,daxpy,1,2,1.0039484522722841,1
luna_run,daxpy,1,4,0.9953707262564087,1
luna_run,daxpy,1,8,1.0074156547793383,1
luna_run,daxpy,1,16,1.0083510610501147,1
luna_run,triad,2,1,1.0062553517350867,1
luna_run,triad,2,2,0.9984351856565553,1
luna_run,triad,2,4,0.9993790034480056,1
luna_run,triad,2,8,1.0015405724481163,1
luna_run,triad,2,16,1.0100672550982726,1
luna_run,sum,2,1,0.9991353256386766,1
luna_run,sum,2,2,0.9977757816342976,1
luna_run,sum,2,4,0.9968857193275926,1
luna_run,sum,2,8,0.997477844330649,1
luna_run,sum,2,16,0.9967491712398168,1
luna_run,stream,2,1,1.006972016140749,1
luna_run,stream,2,2,1.00389758779227,1
luna_run,stream,2,4,1.0053279468348855,1
luna_run,stream,2,8,1.0062800198088169,1
luna_run,stream,2,16,1.0044318634503897,1
luna_run,peakflops,2,1,1.0001115902372546,1
luna_run,peakflops,2,2,0.9999387597303788,1
luna_run,peakflops,2,4,1.0000202248465495,1
luna_run,peakflops,2,8,1.0000056572997342,1
luna_run,peakflops,2,16,1.000135916626111,1
luna_run,ddot,2,1,1.0518868922380675,1
luna_run,ddot,2,2,0.985995349923685,1
luna_run,ddot,2,4,1.0113247861458872,1
luna_run,ddot,2,8,1.0398922517426623,1
luna_run,ddot,2,16,0.992512936181875,1
luna_run,daxpy,2,1,1.009798160534013,1
luna_run,daxpy,2,2,1.013462016722018,1
luna_run,daxpy,2,4,1.002995533018906,1
luna_run,daxpy,2,8,1.0078023612129003,1
luna_run,daxpy,2,16,1.0056386557827561,1
luna_run,triad,3,1,1.0037790505176587,1
luna_run,triad,3,2,0.9993945189874173,1
luna_run,triad,3,4,0.9931178174454997,1
luna_run,triad,3,8,1.0047362501810317,1
luna_run,triad,3,16,0.9956839642207123,1
luna_run,sum,3,1,0.9993730199908535,1
luna_run,sum,3,2,0.9996142385826079,1
luna_run,sum,3,4,0.9994219856386266,1
luna_run,sum,3,8,1.000053046118421,1
luna_run,sum,3,16,0.9981347540904364,1
luna_run,stream,3,1,0.9989553312646513,1
luna_run,stream,3,2,1.0181617696835736,1
luna_run,stream,3,4,1.0074618025872697,1
luna_run,stream,3,8,0.9981640052456994,1
luna_run,stream,3,16,1.0043754673820466,1
luna_run,peakflops,3,1,1.000085569345185,1
luna_run,peakflops,3,2,1.0000960356783153,1
luna_run,peakflops,3,4,1.0002350681846244,1
luna_run,peakflops,3,8,1.0005153961881896,1
luna_run,peakflops,3,16,1.0010056166020935,1
luna_run,ddot,3,1,0.9770075811932671,1
luna_run,ddot,3,2,0.9290218540694083,1
luna_run,ddot,3,4,0.9151635060550825,1
luna_run,ddot,3,8,0.9842167881347048,1
luna_run,ddot,3,16,0.9837807855577708,1
luna_run,daxpy,3,1,0.9926732842806729,1
luna_run,daxpy,3,2,1.0006214783690242,1
luna_run,daxpy,3,4,0.9991678973597837,1
luna_run,daxpy,3,8,0.9836799014387826,1
luna_run,daxpy,3,16,1.0081701245974775,1
luna_run,triad,4,1,1.0011758353089462,1
luna_run,triad,4,2,0.9931040843830328,1
luna_run,triad,4,4,0.9995513083349511,1
luna_run,triad,4,8,1.0008869111727448,1
luna_run,triad,4,16,1.0079052704756857,1
luna_run,sum,4,1,0.9996522909786072,1
luna_run,sum,4,2,0.9980818706399996,1
luna_run,sum,4,4,1.0091992975492872,1
luna_run,sum,4,8,0.9998420788823832,1
luna_run,sum,4,16,1.0017705688723664,1
luna_run,stream,4,1,1.000857464783996,1
luna_run,stream,4,2,1.0027524575648414,1
luna_run,stream,4,4,0.9977891123492182,1
luna_run,stream,4,8,1.0084573871623213,1
luna_run,stream,4,16,1.0049636589146003,1
luna_run,peakflops,4,1,1.0000804805181984,1
luna_run,peakflops,4,2,1.0001120220921145,1
luna_run,peakflops,4,4,1.0001981602917327,1
luna_run,peakflops,4,8,1.0007048056628864,1
luna_run,peakflops,4,16,1.0001847232983603,1
luna_run,ddot,4,1,0.9560889675476649,1
luna_run,ddot,4,2,1.011730233650104,1
luna_run,ddot,4,4,1.0111412602976275,1
luna_run,ddot,4,8,0.9487888798735151,1
luna_run,ddot,4,16,0.9599111132897069,1
luna_run,daxpy,4,1,0.9996634657550793,1
luna_run,daxpy,4,2,1.0006784438491119,1
luna_run,daxpy,4,4,0.9994110535855784,1
luna_run,daxpy,4,8,0.9985274731625999,1
luna_run,daxpy,4,16,0.9890647274575695,1
luna_run,triad,5,1,0.9905772246734597,1
luna_run,triad,5,2,0.9952429732119052,1
luna_run,triad,5,4,0.9981352775734152,1
luna_run,triad,5,8,0.9927024175371845,1
luna_run,triad,5,16,0.988064734053536,1
luna_run,sum,5,1,1.0006360517728694,1
luna_run,sum,5,2,1.0002578630750998,1
luna_run,sum,5,4,1.0001428031720379,1
luna_run,sum,5,8,1.0002286265423546,1
luna_run,sum,5,16,1.0001516055689934,1
luna_run,stream,5,1,0.9997060921774932,1
luna_run,stream,5,2,0.9935663254677588,1
luna_run,stream,5,4,0.9952228177810011,1
luna_run,stream,5,8,0.9960131143011994,1
luna_run,stream,5,16,0.9921828717825262,1
luna_run,peakflops,5,1,1.0000327410456953,1
luna_run,peakflops,5,2,1.0000395296858393,1
luna_run,peakflops,5,4,0.9999743304544549,1
luna_run,peakflops,5,8,1.000018315185389,1
luna_run,peakflops,5,16,1.000200194169251,1
luna_run,ddot,5,1,1.0208737308776459,1
luna_run,ddot,5,2,1.015517327174736,1
luna_run,ddot,5,4,1.0094949695680109,1
luna_run,ddot,5,8,1.0458727149839147,1
luna_run,ddot,5,16,1.0123767259256136,1
luna_run,daxpy,5,1,1.0011258489098154,1
luna_run,daxpy,5,2,0.9866613266284969,1
luna_run,daxpy,5,4,0.9953599052316839,1
luna_run,daxpy,5,8,1.0039576042636968,1
luna_run,daxpy,5,16,0.9827855956399557,1
luna_run,triad,6,1,1.0049295386701225,1
luna_run,triad,6,2,1.0025138640328743,1
luna_run,triad,6,4,1.0072851413314456,1
luna_run,triad,6,8,1.0029804320252595,1
luna_run,triad,6,16,1.0035831721424429,1
luna_run,sum,6,1,0.9994429310791009,1
luna_run,sum,6,2,1.0006431214919669,1
luna_run,sum,6,4,1.001681081647902,1
luna_run,sum,6,8,0.9996766366956064,1
luna_run,sum,6,16,1.0010293392244076,1
luna_run,stream,6,1,1.0003690858589813,1
luna_run,stream,6,2,0.9996052614537528,1
luna_run,stream,6,4,1.0245665775141934,1
luna_run,stream,6,8,1.00189523304872,1
luna_run,stream,6,16,0.9983885732669843,1
luna_run,peakflops,6,1,1.0006593164852648,1
luna_run,peakflops,6,2,1.0006401014328707,1
luna_run,peakflops,6,4,1.000755109172934,1
luna_run,peakflops,6,8,1.000667652427112,1
luna_run,peakflops,6,16,1.000727134317243,1
luna_run,ddot,6,1,0.9850662630959879,1
luna_run,ddot,6,2,0.9786313678894994,1
luna_run,ddot,6,4,1.015574452303033,1
luna_run,ddot,6,8,0.9779884118537789,1
luna_run,ddot,6,16,0.9711142451572371,1
luna_run,daxpy,6,1,0.9967990111890896,1
luna_run,daxpy,6,2,1.0024366239618754,1
luna_run,daxpy,6,4,0.9953452854191452,1
luna_run,daxpy,6,8,1.0085928770357133,1
luna_run,daxpy,6,16,0.9945976185249118,1
luna_run,triad,7,1,0.9999567934651387,1
luna_run,triad,7,2,1.0001040702294803,1
luna_run,triad,7,4,0.9908649613863333,1
luna_run,triad,7,8,0.996611965588336,1
luna_run,triad,7,16,0.9944793284821625,1
luna_run,sum,7,1,1.0007895805553761,1
luna_run,sum,7,2,1.0011079598115762,1
luna_run,sum,7,4,1.001782294937424,1
luna_run,sum,7,8,1.0041206923090105,1
luna_run,sum,7,16,1.0038375313013976,1
luna_run,stream,7,1,0.9952182974869328,1
luna_run,stream,7,2,1.0008237735137266,1
luna_run,stream,7,4,0.9957836090209155,1
luna_run,stream,7,8,0.9965198982987965,1
luna_run,stream,7,16,1.0087048373544591,1
luna_run,peakflops,7,1,1.0007356174704383,1
luna_run,peakflops,7,2,1.0007667008937544,1
luna_run,peakflops,7,4,1.0004102305436315,1
luna_run,peakflops,7,8,1.0007788516865055,1
luna_run,peakflops,7,16,1.0004548776425768,1
luna_run,ddot,7,1,1.0123810426829534,1
luna_run,ddot,7,2,0.9953068804519832,1
luna_run,ddot,7,4,1.0131718391030085,1
luna_run,ddot,7,8,1.0122006722205512,1
luna_run,ddot,7,16,1.0271531110907672,1
luna_run,daxpy,7,1,0.9986449713085883,1
luna_run,daxpy,7,2,1.0070914256486463,1
luna_run,daxpy,7,4,1.0122623037934135,1
luna_run,daxpy,7,8,1.0015271950952072,1
luna_run,daxpy,7,16,1.0197913650363235,1
luna_run,triad,8,1,0.995590485231263,1
luna_run,triad,8,2,0.9948206230478327,1
luna_run,triad,8,4,0.993498584772811,1
luna_run,triad,8,8,1.003082659837719,1
luna_run,triad,8,16,1.0078697469181765,1
luna_run,sum,8,1,1.0012999936875193,1
luna_run,sum,8,2,1.0003976941443526,1
luna_run,sum,8,4,1.0020348513395076,1
luna_run,sum,8,8,1.0017325126007885,1
luna_run,sum,8,16,1.0013726304515798,1
luna_run,stream,8,1,0.994228935202898,1
luna_run,stream,8,2,0.9968822339718048,1
luna_run,stream,8,4,0.99075046984851,1
luna_run,stream,8,8,0.9953724976406483,1
luna_run,stream,8,16,0.999328121296502,1
luna_run,peakflops,8,1,1.0000734086344676,1
luna_run,peakflops,8,2,1.0001056575143494,1
luna_run,peakflops,8,4,1.000156011028551,1
luna_run,peakflops,8,8,1.0002830263536997,1
luna_run,peakflops,8,16,1.0001110323276632,1
luna_run,ddot,8,1,0.9642194985036805,1
luna_run,ddot,8,2,0.9773418999200576,1
luna_run,ddot,8,4,0.9430358060822194,1
luna_run,ddot,8,8,0.9529000794531147,1
luna_run,ddot,8,16,0.9876846653042637,1
luna_run,daxpy,8,1,1.0076513449339444,1
luna_run,daxpy,8,2,1.0148372492282558,1
luna_run,daxpy,8,4,1.0096472394424474,1
luna_run,daxpy,8,8,1.0167456945123114,1
luna_run,daxpy,8,16,1.0060655188817296,1
luna_run,triad,9,1,1.000405068179481,1
luna_run,triad,9,2,1.0050224256657914,1
luna_run,triad,9,4,1.0051250637002378,1
luna_run,triad,9,8,1.0114203770214565,1
luna_run,triad,9,16,1.0090582127590315,1
luna_run,sum,9,1,1.0016279912609858,1
luna_run,sum,9,2,1.0011245309540824,1
luna_run,sum,9,4,1.0015650980308917,1
luna_run,sum,9,8,1.0117739271397652,1
luna_run,sum,9,16,1.0021251622448797,1
luna_run,stream,9,1,0.9985783019366716,1
luna_run,stream,9,2,0.991277232988421,1
luna_run,stream,9,4,0.9997115052669882,1
luna_run,stream,9,8,1.003271970665348,1
luna_run,stream,9,16,0.9915591342669913,1
luna_run,peakflops,9,1,0.9999541731694092,1
luna_run,peakflops,9,2,1.0000132954385048,1
luna_run,peakflops,9,4,1.000033097155427,1
luna_run,peakflops,9,8,1.000025035027823,1
luna_run,peakflops,9,16,1.0000878347586326,1
luna_run,ddot,9,1,1.056749199910833,1
luna_run,ddot,9,2,0.9456821331254569,1
luna_run,ddot,9,4,1.0551738470508227,1
luna_run,ddot,9,8,1.058927372416338,1
luna_run,ddot,9,16,0.9587218412145451,1
luna_run,daxpy,9,1,0.9999179513243251,1
luna_run,daxpy,9,2,1.0053926606680375,1
luna_run,daxpy,9,4,1.007258053352541,1
luna_run,daxpy,9,8,1.0026463677326303,1
luna_run,daxpy,9,16,1.0015115291223753,1
luna_run,triad,10,1,0.9968583704827442,1
luna_run,triad,10,2,0.9919467201918164,1
luna_run,triad,10,4,0.9957895548820271,1
luna_run,triad,10,8,0.9904580653593932,1
luna_run,triad,10,16,0.9945774448704886,1
luna_run,sum,10,1,0.998647326880456,1
luna_run,sum,10,2,1.0000683168242195,1
luna_run,sum,10,4,1.0002203413893789,1
luna_run,sum,10,8,0.9994240970243391,1
luna_run,sum,10,16,1.0001083646177273,1
luna_run,stream,10,1,0.9876375428749611,1
luna_run,stream,10,2,1.0011619582164017,1
luna_run,stream,10,4,0.9973976925475523,1
luna_run,stream,10,8,0.9964471468662303,1
luna_run,stream,10,16,0.9982533208606175,1
luna_run,peakflops,10,1,0.9999976662286955,1
luna_run,peakflops,10,2,1.0000389669087495,1
luna_run,peakflops,10,4,1.0001173250483038,1
luna_run,peakflops,10,8,1.0001928543741558,1
luna_run,peakflops,10,16,1.0000922900470381,1
luna_run,ddot,10,1,0.9707653292541745,1
luna_run,ddot,10,2,0.9412354723522679,1
luna_run,ddot,10,4,0.9609473876280671,1
luna_run,ddot,10,8,0.9084852913546633,1
luna_run,ddot,10,16,0.9633083659088144,1
luna_run,daxpy,10,1,1.0018008144780786,1
luna_run,daxpy,10,2,0.991373853190356,1
luna_run,daxpy,10,4,1.0068265664862195,1
luna_run,daxpy,10,8,1.0001849860698222,1
luna_run,daxpy,10,16,0.9935897550171016,1
luna_run,triad,11,1,1.0122769531577935,1
luna_run,triad,11,2,1.0075697135630355,1
luna_run,triad,11,4,1.0067988495941895,1
luna_run,triad,11,8,1.0151447079437037,1
luna_run,triad,11,16,1.006702440820991,1
luna_run,sum,11,1,0.999849064526133,1
luna_run,sum,11,2,1.0012501480086928,1
luna_run,sum,11,4,1.003572401452532,1
luna_run,sum,11,8,1.0029307881888159,1
luna_run,sum,11,16,1.0022134321886045,1
luna_run,stream,11,1,1.011570561264854,1
luna_run,stream,11,2,1.0078561448981533,1
luna_run,stream,11,4,1.0046619896281639,1
luna_run,stream,11,8,1.0028167952523457,1
luna_run,stream,11,16,1.0000671508610486,1
luna_run,peakflops,11,1,1.0000062942039645,1
luna_run,peakflops,11,2,0.999988330970178,1
luna_run,peakflops,11,4,0.9999995049502499,1
luna_run,peakflops,11,8,1.0000997878853264,1
luna_run,peakflops,11,16,1.000114639377827,1
luna_run,ddot,11,1,1.0048072581715028,1
luna_run,ddot,11,2,1.0003874791827485,1
luna_run,ddot,11,4,1.003591150058281,1
luna_run,ddot,11,8,0.9511886119024112,1
luna_run,ddot,11,16,0.9319596853896246,1
luna_run,daxpy,11,1,1.0095591465733345,1
luna_run,daxpy,11,2,1.0058952746980923,1
luna_run,daxpy,11,4,1.0121879857196125,1
luna_run,daxpy,11,8,1.0098407485758378,1
luna_run,daxpy,11,16,1.000758691727491,1
luna_run,triad,12,1,0.9984797152486815,1
luna_run,triad,12,2,0.9970523135369604,1
luna_run,triad,12,4,0.9969344546800294,1
luna_run,triad,12,8,1.005887542669834,1
luna_run,triad,12,16,1.0134336146150382,1
luna_run,sum,12,1,0.9988020941355406,1
luna_run,sum,12,2,0.9988555159605558,1
luna_run,sum,12,4,1.0003833801559918,1
luna_run,sum,12,8,1.000126641149889,1
luna_run,sum,12,16,1.0008417079900196,1
luna_run,stream,12,1,0.989937338131801,1
luna_run,stream,12,2,0.997628198369429,1
luna_run,stream,12,4,0.9971160051667193,1
luna_run,stream,12,8,0.9916457270216749,1
luna_run,stream,12,16,0.9900940938848771,1
luna_run,peakflops,12,1,0.9999606821672271,1
luna_run,peakflops,12,2,0.9999475290792851,1
luna_run,peakflops,12,4,0.9999533277524639,1
luna_run,peakflops,12,8,1.0000453993680576,1
luna_run,peakflops,12,16,1.0000824543039801,1
luna_run,ddot,12,1,0.9991039842097326,1
luna_run,ddot,12,2,1.018045453007116,1
luna_run,ddot,12,4,0.9257419340821511,1
luna_run,ddot,12,8,1.0043138908979086,1
luna_run,ddot,12,16,0.9595959342735129,1
luna_run,daxpy,12,1,1.008782048413286,1
luna_run,daxpy,12,2,1.0072211646040243,1
luna_run,daxpy,12,4,1.015150065120976,1
luna_run,daxpy,12,8,0.9988410646562358,1
luna_run,daxpy,12,16,0.9981627508018199,1
luna_run,triad,13,1,1.0005163810226039,1
luna_run,triad,13,2,0.9973431634737746,1
luna_run,triad,13,4,1.0008201424786516,1
luna_run,triad,13,8,0.9967612006487688,1
luna_run,triad,13,16,1.0038529140752606,1
luna_run,sum,13,1,0.9980780585095114,1
luna_run,sum,13,2,0.998646825124041,1
luna_run,sum,13,4,0.9991882834077407,1
luna_run,sum,13,8,0.9975064668952406,1
luna_run,sum,13,16,1.00016259442954,1
luna_run,stream,13,1,0.9856471532653758,1
luna_run,stream,13,2,0.9981329311973496,1
luna_run,stream,13,4,0.988380673734372,1
luna_run,stream,13,8,0.9937305140811913,1
luna_run,stream,13,16,0.9958201148652793,1
luna_run,peakflops,13,1,0.9999978784162802,1
luna_run,peakflops,13,2,1.000035642606493,1
luna_run,peakflops,13,4,0.9999868461809372,1
luna_run,peakflops,13,8,1.0000987243624289,1
luna_run,peakflops,13,16,1.0000567170047765,1
luna_run,ddot,13,1,0.9321320303699158,1
luna_run,ddot,13,2,0.9349322212758335,1
luna_run,ddot,13,4,0.9993389526429173,1
luna_run,ddot,13,8,0.9983164458935383,1
luna_run,ddot,13,16,0.9067040948098215,1
luna_run,daxpy,13,1,0.993907082070955,1
luna_run,daxpy,13,2,1.0162711731988634,1
luna_run,daxpy,13,4,1.004143334930335,1
luna_run,daxpy,13,8,1.0060389645454118,1
luna_run,daxpy,13,16,1.0087873701287138,1
luna_run,triad,14,1,0.9974073017346806,1
luna_run,triad,14,2,0.9967070408125984,1
luna_run,triad,14,4,1.0152371564651292,1
luna_run,triad,11,1,1.0105750701661744,1
luna_run,triad,11,2,1.00575841300882,1
luna_run,triad,11,4,1.0136396391035596,1
luna_run,triad,11,8,1.0109817543321342,1
luna_run,triad,11,16,1.011468048205432,1
luna_run,sum,11,1,0.9996621705378188,1
luna_run,sum,11,2,0.9997914652321233,1
luna_run,sum,11,4,0.9993908713552311,1
luna_run,sum,11,8,0.999435434089676,1
luna_run,sum,11,16,0.9999207599264275,1
luna_run,stream,11,1,0.9994682503290618,1
luna_run,stream,11,2,0.9941960274863507,1
luna_run,stream,11,4,0.9930978555964455,1
luna_run,stream,11,8,0.995317522277268,1
luna_run,stream,11,16,1.0107611491106026,1
luna_run,peakflops,11,1,1.0001158997261843,1
luna_run,peakflops,11,2,1.0000935814364376,1
luna_run,peakflops,11,4,0.9999672994678712,1
luna_run,peakflops,11,8,1.0001346866409708,1
luna_run,peakflops,11,16,1.0001471170808298,1
luna_run,ddot,11,1,1.0076933270382111,1
luna_run,ddot,11,2,0.9808149538247495,1
luna_run,ddot,11,4,1.0123779559632395,1
luna_run,ddot,11,8,0.9588040325812248,1
luna_run,ddot,11,16,0.9331140091596672,1
luna_run,daxpy,11,1,0.9940290212512144,1
luna_run,daxpy,11,2,0.9971661580474993,1
luna_run,daxpy,11,4,0.9957042651430927,1
luna_run,daxpy,11,8,1.0006417261261578,1
luna_run,daxpy,11,16,0.990265488126303,1
luna_run,triad,12,1,0.9854105453060248,1
luna_run,triad,12,2,0.9859409917010294,1
luna_run,triad,12,4,0.9880361031033557,1
luna_run,triad,12,8,0.9920583578187758,1
luna_run,triad,12,16,0.9821318663063804,1
luna_run,sum,12,1,1.0006386573922303,1
luna_run,sum,12,2,0.9996052747946219,1
luna_run,sum,12,4,0.9989890992706082,1
luna_run,sum,12,8,1.0007075913435564,1
luna_run,sum,12,16,1.0000874991177628,1
luna_run,stream,12,1,0.9988443147264179,1
luna_run,stream,12,2,1.0031716910348887,1
luna_run,stream,12,4,1.007127572440722,1
luna_run,stream,12,8,1.0107910991476876,1
luna_run,stream,12,16,1.0099354819208846,1
luna_run,peakflops,12,1,0.9999050041618066,1
luna_run,peakflops,12,2,1.0000240844467094,1
luna_run,peakflops,12,4,1.0001317228537032,1
luna_run,peakflops,12,8,1.000201221667668,1
luna_run,peakflops,12,16,1.0000030370416673,1
luna_run,ddot,12,1,1.0349055610109692,1
luna_run,ddot,12,2,0.9787837473305363,1
luna_run,ddot,12,4,1.0360817278388994,1
luna_run,ddot,12,8,0.9874492412104781,1
luna_run,ddot,12,16,1.0160912531873825,1
luna_run,daxpy,12,1,0.9933037237312842,1
luna_run,daxpy,12,2,0.9874266829400894,1
luna_run,daxpy,12,4,0.9943319413354058,1
luna_run,daxpy,12,8,0.9916144439397007,1
luna_run,daxpy,12,16,1.0010069636383871,1
luna_run,triad,13,1,0.997902794137361,1
luna_run,triad,13,2,1.0033018540507916,1
luna_run,triad,13,4,0.99318752506924,1
luna_run,triad,13,8,0.9838322277699092,1
luna_run,triad,13,16,0.9919320098364146,1
luna_run,sum,13,1,1.0001221656396924,1
luna_run,sum,13,2,0.9982005627763804,1
luna_run,sum,13,4,0.9967511770972631,1
luna_run,sum,13,8,0.9982535012202469,1
luna_run,sum,13,16,0.9974016308173165,1
luna_run,stream,13,1,1.0020558119150482,1
luna_run,stream,13,2,1.0011337390205197,1
luna_run,stream,13,4,1.0004862970137407,1
luna_run,stream,13,8,0.9867333495847126,1
luna_run,stream,13,16,1.0030466980768744,1
luna_run,peakflops,13,1,0.9999818970633076,1
luna_run,peakflops,13,2,0.9999220725147071,1
luna_run,peakflops,13,4,1.0000025457254722,1
luna_run,peakflops,13,8,0.9999947671198623,1
luna_run,peakflops,13,16,1.000001272862736,1
luna_run,ddot,13,1,0.9674007346033248,1
luna_run,ddot,13,2,0.9524929832303732,1
luna_run,ddot,13,4,0.9661579205938015,1
luna_run,ddot,13,8,0.9082967548603671,1
luna_run,ddot,13,16,1.0012526549508476,1
luna_run,daxpy,13,1,0.9902927287313569,1
luna_run,daxpy,13,2,0.9988150457645042,1
luna_run,daxpy,13,4,1.0053784232213834,1
luna_run,daxpy,13,8,0.9972050833242169,1
luna_run,daxpy,13,16,1.0007119935820297,1
luna_run,triad,14,1,1.0028016523854881,1
luna_run,triad,14,2,0.9986916770854393,1
luna_run,triad,14,4,1.0067913298377218,1
luna_run,triad,14,8,1.0136547445062138,1
luna_run,triad,14,16,1.0041394127332657,1
luna_run,sum,14,1,0.9995306927418051,1
luna_run,sum,14,2,0.9993357763069255,1
luna_run,sum,14,4,1.000816418717569,1
luna_run,sum,14,8,1.000067851651787,1
luna_run,sum,14,16,0.9997956597245944,1
luna_run,stream,14,1,1.0058309241491041,1
luna_run,stream,14,2,0.9951766435823921,1
luna_run,stream,14,4,0.9996110638917654,1
luna_run,stream,14,8,0.9963375910551927,1
luna_run,stream,14,16,0.9982539649286623,1
luna_run,peakflops,14,1,1.00007369111288,1
luna_run,peakflops,14,2,0.9999934936829319,1
luna_run,peakflops,14,4,1.0001073542316237,1
luna_run,peakflops,14,8,1.0001251758827234,1
luna_run,peakflops,14,16,1.0001144263153934,1
luna_run,ddot,14,1,0.917086600218777,1
luna_run,ddot,14,2,0.9997039178180974,1
luna_run,ddot,14,4,0.8974315099885724,1
luna_run,ddot,14,8,0.969502924155295,1
luna_run,ddot,14,16,1.000721108306801,1
luna_run,daxpy,14,1,0.9946439787199269,1
luna_run,daxpy,14,2,0.9891609849692444,1
luna_run,daxpy,14,4,1.0027998071044488,1
luna_run,daxpy,14,8,0.9915152890978103,1
luna_run,daxpy,14,16,1.0075965448830277,1
luna_run,triad,15,1,0.9939628321440518,1
luna_run,triad,15,2,1.0100243224752892,1
luna_run,triad,15,4,1.0158143398925839,1
luna_run,triad,15,8,1.007709040250358,1
luna_run,triad,15,16,0.9989760335206589,1
luna_run,sum,15,1,1.0007442717613384,1
luna_run,sum,15,2,1.0004500229572255,1
luna_run,sum,15,4,1.0016380269477487,1
luna_run,sum,15,8,1.001568357134696,1
luna_run,sum,15,16,1.0009848921089026,1
luna_run,stream,15,1,1.0030910330099532,1
luna_run,stream,15,2,1.0058742324612728,1
luna_run,stream,15,4,1.0286120964248666,1
luna_run,stream,15,8,1.0012584347058362,1
luna_run,stream,15,16,1.0134306524523746,1
luna_run,peakflops,15,1,1.00004455263427,1
luna_run,peakflops,15,2,1.000005233166565,1
luna_run,peakflops,15,4,1.0000384708460996,1
luna_run,peakflops,15,8,1.000052897413387,1
luna_run,peakflops,15,16,1.000125454560627,1
luna_run,ddot,15,1,0.9397647056900423,1
luna_run,ddot,15,2,0.9645586336526402,1
luna_run,ddot,15,4,1.0020829412749097,1
luna_run,ddot,15,8,0.9389135685622577,1
luna_run,ddot,15,16,0.9970695995395217,1
luna_run,daxpy,15,1,0.994750738682958,1
luna_run,daxpy,15,2,1.0090196399626676,1
luna_run,daxpy,15,4,1.0103717586358318,1
luna_run,daxpy,15,8,1.0113527777724156,1
luna_run,daxpy,15,16,1.0083494178370276,1
luna_run,triad,16,1,1.00024776627623,1
luna_run,triad,16,2,1.0029428456245548,1
luna_run,triad,16,4,1.0059159066486503,1
luna_run,triad,16,8,0.9947184824510301,1
luna_run,triad,16,16,0.9955955347816849,1
luna_run,sum,16,1,1.000610067104241,1
luna_run,sum,16,2,1.0005987622962356,1
luna_run,sum,16,4,1.0002811285935256,1
luna_run,sum,16,8,0.9999140363557913,1
luna_run,sum,16,16,0.9994108153883244,1
luna_run,stream,16,1,0.9996618557424,1
luna_run,stream,16,2,0.9929683526443607,1
luna_run,stream,16,4,0.9996236831786628,1
luna_run,stream,16,8,1.0012776618198078,1
luna_run,stream,16,16,0.9861723928931637,1
luna_run,peakflops,16,1,1.00006336328946,1
luna_run,peakflops,16,2,1.000047663903009,1
luna_run,peakflops,16,4,1.0000677478027933,1
luna_run,peakflops,16,8,1.0000769411372015,1
luna_run,peakflops,16,16,1.0002009804337557,1
luna_run,ddot,16,1,1.0808280376780242,1
luna_run,ddot,16,2,1.0974415224445646,1
luna_run,ddot,16,4,0.9957087164232918,1
luna_run,ddot,16,8,1.0940838516315126,1
luna_run,ddot,16,16,1.0526276590950063,1
luna_run,daxpy,16,1,0.9948211348072694,1
luna_run,daxpy,16,2,1.008589739189724,1
luna_run,daxpy,16,4,1.000297166757043,1
luna_run,daxpy,16,8,0.9935106541192191,1
luna_run,daxpy,16,16,0.998374231514594,1
luna_run,triad,17,1,0.9934776265998208,1
luna_run,triad,17,2,0.9912958603754919,1
luna_run,triad,17,4,0.9954631951405885,1
luna_run,triad,17,8,0.9917241098029931,1
luna_run,triad,17,16,0.9902876815178449,1
luna_run,sum,17,1,1.0019713922150877,1
luna_run,sum,17,2,1.0001308707004555,1
luna_run,sum,17,4,1.0009630983139217,1
luna_run,sum,17,8,1.000365573350041,1
luna_run,sum,17,16,1.0012762447827592,1
luna_run,stream,17,1,0.997135417886048,1
luna_run,stream,17,2,0.995282176915088,1
luna_run,stream,17,4,1.0075156650493575,1
luna_run,stream,17,8,0.9935197125366283,1
luna_run,stream,17,16,0.9910786088455984,1
luna_run,peakflops,17,1,0.9999462557893476,1
luna_run,peakflops,17,2,1.000010465977864,1
luna_run,peakflops,17,4,0.9999441343073481,1
luna_run,peakflops,17,8,0.9999710064126743,1
luna_run,peakflops,17,16,1.0001248845737,1
luna_run,ddot,17,1,0.938654262339368,1
luna_run,ddot,17,2,1.0279480677775674,1
luna_run,ddot,17,4,0.9463505972604999,1
luna_run,ddot,17,8,1.0159043988075835,1
luna_run,ddot,17,16,1.0555773518165628,1
luna_run,daxpy,17,1,0.9936744972413318,1
luna_run,daxpy,17,2,0.9928188560715419,1
luna_run,daxpy,17,4,0.9886504529499187,1
luna_run,daxpy,17,8,0.9997138294894862,1
luna_run,daxpy,17,16,1.004004519133991,1
luna_run,triad,18,1,0.9979073756962288,1
luna_run,triad,18,2,1.0005879984761616,1
luna_run,triad,18,4,0.9934587940569767,1
luna_run,triad,18,8,1.0032256281080603,1
luna_run,triad,18,16,1.003986875535441,1
luna_run,sum,18,1,0.9990425961527746,1
luna_run,sum,18,2,0.9990069681735418,1
luna_run,sum,18,4,0.9999463226039753,1
luna_run,sum,18,8,0.9985161809882511,1
luna_run,sum,18,16,0.9996980254094981,1
luna_run,stream,18,1,0.9958211302815488,1
luna_run,stream,18,2,0.9992276763027823,1
luna_run,stream,18,4,1.0038356286253824,1
luna_run,stream,18,8,1.0016769707717776,1
luna_run,stream,18,16,1.0065999252041797,1
luna_run,peakflops,18,1,1.0000603200498401,1
luna_run,peakflops,18,2,0.9999058780933916,1
luna_run,peakflops,18,4,1.0000031821831687,1
luna_run,peakflops,18,8,1.0000357111666698,1
luna_run,peakflops,18,16,1.0000751702379604,1
luna_run,ddot,18,1,0.9965851237342801,1
luna_run,ddot,18,2,0.95991832203566,1
luna_run,ddot,18,4,0.9732773810020681,1
luna_run,ddot,18,8,0.9975474309966259,1
luna_run,ddot,18,16,0.9071809788261713,1
luna_run,daxpy,18,1,0.9983674153542836,1
luna_run,daxpy,18,2,0.990707803083769,1
luna_run,daxpy,18,4,0.9917545473007197,1
luna_run,daxpy,18,8,1.0005787116372769,1
luna_run,daxpy,18,16,0.9916933128097254,1
luna_run,triad,19,1,0.9988615447376898,1
luna_run,triad,19,2,1.0047822136027529,1
luna_run,triad,19,4,1.0012799696088162,1
luna_run,triad,19,8,0.9984886699486123,1
luna_run,triad,19,16,1.030779437817058,1
luna_run,sum,19,1,0.9996189858487416,1
luna_run,sum,19,2,0.999125631442576,1
luna_run,sum,19,4,0.9993503119523903,1
luna_run,sum,19,8,1.0000097413927331,1
luna_run,sum,19,16,0.9996618794006152,1
luna_run,stream,19,1,1.0054610112401203,1
luna_run,stream,19,2,0.9949349828327427,1
luna_run,stream,19,4,1.0005144666828973,1
luna_run,stream,19,8,0.9921702879710977,1
luna_run,stream,19,16,1.0082501269886117,1
luna_run,peakflops,19,1,1.0000214995178167,1
luna_run,peakflops,19,2,1.0000543145713265,1
luna_run,peakflops,19,4,1.0001369179818855,1
luna_run,peakflops,19,8,1.0005567243560967,1
luna_run,peakflops,19,16,1.0011335337880483,1
luna_run,ddot,19,1,1.0235568187123163,1
luna_run,ddot,19,2,1.0672826239186408,1
luna_run,ddot,19,4,1.1029422260646606,1
luna_run,ddot,19,8,1.0329501443607727,1
luna_run,ddot,19,16,1.0683783473205275,1
luna_run,daxpy,19,1,0.9954489605678205,1
luna_run,daxpy,19,2,0.9869902957329272,1
luna_run,daxpy,19,4,0.9867889899573716,1
luna_run,daxpy,19,8,0.993886838670257,1
luna_run,daxpy,19,16,0.9829382434469373,1
luna_run,triad,20,1,1.0003122557644912,1
luna_run,triad,20,2,1.0131578795890033,1
luna_run,triad,20,4,1.0048871311550733,1
luna_run,triad,20,8,1.003898558253307,1
luna_run,triad,20,16,1.0098052102356234,1
luna_run,sum,20,1,0.9999019312015579,1
luna_run,sum,20,2,0.9986249168397788,1
luna_run,sum,20,4,0.9988238810793724,1
luna_run,sum,20,8,0.9997953039571348,1
luna_run,sum,20,16,1.0003064551803997,1
luna_run,stream,20,1,0.9938234253914643,1
luna_run,stream,20,2,0.9990323231275896,1
luna_run,stream,20,4,0.996106521440896,1
luna_run,stream,20,8,1.0071191097248,1
luna_run,stream,20,16,1.0010096005948177,1
luna_run,peakflops,20,1,0.9999175469904368,1
luna_run,peakflops,20,2,0.9998865740760383,1
luna_run,peakflops,20,4,0.9999062326838072,1
luna_run,peakflops,20,8,0.9999725628064231,1
luna_run,peakflops,20,16,1.0000113143066296,1
luna_run,ddot,20,1,0.9917377199576637,1
luna_run,ddot,20,2,1.0257114046298397,1
luna_run,ddot,20,4,0.9552170972313095,1
luna_run,ddot,20,8,1.0124410127197465,1
luna_run,ddot,20,16,1.0196037345562101,1
luna_run,daxpy,20,1,0.9988867845501316,1
luna_run,daxpy,20,2,0.9970564071634718,1
luna_run,daxpy,20,4,0.9895443608021929,1
luna_run,daxpy,20,8,0.9910155863407392,1
luna_run,daxpy,20,16,0.9889943981171748,1
luna_run,triad,21,1,1.009455099764003,1
luna_run,triad,21,2,1.0078715912151996,1
luna_run,triad,21,4,1.0016500776257424,1
luna_run,triad,21,8,1.0089959887414712,1
luna_run,triad,21,16,0.9994810576613529,1
luna_run,sum,21,1,1.0006064410071072,1
luna_run,sum,21,2,1.0006422804445412,1
luna_run,sum,21,4,1.000480688595058,1
luna_run,sum,21,8,1.0000286086737413,1
luna_run,sum,21,16,1.0015442396199636,1
luna_run,stream,21,1,0.9912290146617596,1
luna_run,stream,21,2,0.9953551736874926,1
luna_run,stream,21,4,0.9939899646229531,1
luna_run,stream,21,8,0.9995318037010065,1
luna_run,stream,21,16,1.0009355202599268,1
luna_run,peakflops,21,1,1.000025954409771,1
luna_run,peakflops,21,2,1.0001555142972376,1
luna_run,peakflops,21,4,1.0001256702620243,1
luna_run,peakflops,21,8,1.0006173189179572,1
luna_run,peakflops,21,16,1.0011030270550323,1
luna_run,ddot,21,1,0.9565272503361064,1
luna_run,ddot,21,2,0.9493032403397407,1
luna_run,ddot,21,4,0.962982986128776,1
luna_run,ddot,21,8,0.9782136626587181,1
luna_run,ddot,21,16,0.9468427880003254,1
luna_run,daxpy,21,1,0.9976905519819296,1
luna_run,daxpy,21,2,1.0078999401278048,1
luna_run,daxpy,21,4,0.9896186751979603,1
luna_run,daxpy,21,8,0.9914235275068546,1
luna_run,daxpy,21,16,0.9999202592626449,1
luna_run,triad,22,1,1.009495395409458,1
luna_run,triad,22,2,0.9995511272510907,1
luna_run,triad,22,4,0.9948054787334357,1
luna_run,triad,22,8,0.9928899927176594,1
luna_run,triad,22,16,0.9974373068011309,1
luna_run,sum,22,1,0.9996253641223342,1
luna_run,sum,22,2,1.001733418039087,1
luna_run,sum,22,4,1.005615136232729,1
luna_run,sum,22,8,1.006590950287564,1
luna_run,sum,22,16,1.0064794870742764,1
luna_run,stream,22,1,0.9855871271531099,1
luna_run,stream,22,2,1.004798922472426,1
luna_run,stream,22,4,0.9890796515082362,1
luna_run,stream,22,8,1.0077535254785417,1
luna_run,stream,22,16,0.9991647476427844,1
luna_run,peakflops,22,1,0.9999392558652564,1
luna_run,peakflops,22,2,0.9998965440405938,1
luna_run,peakflops,22,4,0.9999379829963094,1
luna_run,peakflops,22,8,1.0001004859318634,1
luna_run,peakflops,22,16,0.999981684830153,1
luna_run,ddot,22,1,1.0487473128869855,1
luna_run,ddot,22,2,1.0159958959970488,1
luna_run,ddot,22,4,1.0101456632785153,1
luna_run,ddot,22,8,1.0101183317292062,1
luna_run,ddot,22,16,1.0081254774346564,1
luna_run,daxpy,22,1,1.0135417195934924,1
luna_run,daxpy,22,2,1.0036388803592324,1
luna_run,daxpy,22,4,1.0086929780185228,1
luna_run,daxpy,22,8,1.0088603188348808,1
luna_run,daxpy,22,16,1.0083756011566951,1
luna_run,triad,23,1,1.0023082920766744,1
luna_run,triad,23,2,1.0104601092849659,1
luna_run,triad,23,4,1.0097372268188314,1
luna_run,triad,23,8,1.0039288999829954,1
luna_run,triad,23,16,1.0081001344899183,1
luna_run,sum,23,1,1.0008750949762724,1
luna_run,sum,23,2,0.9998765367440018,1
luna_run,sum,23,4,1.000509108993205,1
luna_run,sum,23,8,1.001244541076068,1
luna_run,sum,23,16,1.000579254995976,1
luna_run,stream,23,1,0.9998773048471311,1
luna_run,stream,23,2,0.9976726535673086,1
luna_run,stream,23,4,0.9962202419099986,1
luna_run,stream,23,8,0.9910553365104526,1
luna_run,stream,23,16,0.9939032342566859,1
luna_run,peakflops,23,1,1.0000444140618314,1
luna_run,peakflops,23,2,1.0000762394246088,1
luna_run,peakflops,23,4,1.0000517692567845,1
luna_run,peakflops,23,8,1.0000742591798137,1
luna_run,peakflops,23,16,1.0001640774258742,1
luna_run,ddot,23,1,1.0369579742363957,1
luna_run,ddot,23,2,1.0154970366414884,1
luna_run,ddot,23,4,0.9729673885313985,1
luna_run,ddot,23,8,1.00089114668585,1
luna_run,ddot,23,16,1.005472692787321,1
luna_run,daxpy,23,1,0.9959079057654272,1
luna_run,daxpy,23,2,0.9868616668100251,1
luna_run,daxpy,23,4,0.9932238001909698,1
luna_run,daxpy,23,8,0.9846487901762242,1
luna_run,daxpy,23,16,0.986867455418893,1
luna_run,triad,24,1,0.9976084376296152,1
luna_run,triad,24,2,0.9926141238478216,1
luna_run,triad,24,4,1.0008862730994688,1
luna_run,triad,24,8,1.0008858726145615,1
luna_run,triad,24,16,0.9952454431826054,1
luna_run,sum,24,1,0.9975746201932398,1
luna_run,sum,24,2,0.9970265489835115,1
luna_run,sum,24,4,0.9974566609632125,1
luna_run,sum,24,8,0.9975546988871049,1
luna_run,sum,24,16,0.9975374442124998,1
luna_run,stream,24,1,0.9982926474455106,1
luna_run,stream,24,2,0.99796374563782,1
luna_run,stream,24,4,0.9902811569130419,1
luna_run,stream,24,8,0.9968089182540255,1
luna_run,stream,24,16,0.9965142381629881,1
luna_run,peakflops,24,1,1.0008550539493282,1
luna_run,peakflops,24,2,0.9986123381149409,1
luna_run,peakflops,24,4,0.9986003328976146,1
luna_run,peakflops,24,8,0.9986869117002143,1
luna_run,peakflops,24,16,0.9986460939613052,1
luna_run,ddot,24,1,0.9611607740189307,1
luna_run,ddot,24,2,0.9022950419340807,1
luna_run,ddot,24,4,0.8972915442476413,1
luna_run,ddot,24,8,0.9065791609113826,1
luna_run,ddot,24,16,0.9927464851430999,1
luna_run,daxpy,24,1,1.0076388897515645,1
luna_run,daxpy,24,2,1.0065398179123954,1
luna_run,daxpy,24,4,1.0048817322233479,1
luna_run,daxpy,24,8,1.0029388485317696,1
luna_run,daxpy,24,16,0.9989569215645596,1
luna_run,triad,11,1,1.0103584039873836,1
luna_run,triad,11,2,0.9960163070644956,1
luna_run,triad,11,4,0.9947884363517128,1
luna_run,triad,11,8,0.9999697779589317,1
luna_run,triad,11,16,1.0024235134968158,1
luna_run,sum,11,1,0.9994653758195513,1
luna_run,sum,11,2,0.9999028240092812,1
luna_run,sum,11,4,1.0010612805545842,1
luna_run,sum,11,8,0.9995961415819813,1
luna_run,sum,11,16,0.9988168588782764,1
luna_run,stream,11,1,1.0025790600587938,1
luna_run,stream,11,2,1.0057720033351716,1
luna_run,stream,11,4,1.0017499580789377,1
