luna10,1,pmie,0.0,0.0,0.0,0.0,4.214999999999999,4.214999999999992,4.2150000000000025,0.0,0,0,0,0.0,-1,-1,-1,-1,-1,-1
luna10,1,pmcd,0.036900701754385964,0.0,0.052719298245614034,0.02357198249786503,4.651999999999994,4.65199999999999,4.652,0.02357198249786503,0,0,0,0.0,-1,-1,-1,-1,-1,-1
luna10,1,pmdaproc,1.4603424561403509,1.417421052631579,1.4716947368421056,0.02399889532058069,14.75800000000001,14.758,14.758000000000022,0.02399889532058069,0,0,0,0.0,-1,-1,-1,-1,-1,1152
luna10,1,pmdalinux,0.18140228070175438,0.15694736842105264,0.20947368421052628,0.02018786497182532,4.382999999999999,4.382999999999995,4.383000000000004,0.02018786497182532,0,0,0,0.0,-1,-1,-1,-1,-1,31
luna10,1,pmdaperfevent,0.14477578947368422,0.10500000000000001,0.15747368421052632,0.02267085258182196,6.074000000000004,6.073999999999999,6.074000000000009,0.02267085258182196,0,0,0,0.0,-1,-1,-1,-1,-1,36
luna10,1,network,-1,-1,-1,-1,-1,-1,-1,-1,-1,-1,-1,-1,27658.087689649125,27265.30905263158,27990.453421052633,266.30485631664095,-1,-1
luna10,1,datapoints,-1,-1,-1,-1,-1,-1,-1,-1,-1,-1,-1,-1,-1,-1,-1,-1,1219, -1
luna10,0.5,pmie,0.0,0.0,0.0,0.0,4.214999999999999,4.214999999999989,4.215000000000006,0.0,0,0,0,0.0,-1,-1,-1,-1,-1,-1
luna10,0.5,pmcd,0.11205820512820512,0.1015128205128205,0.12268205128205127,0.00966590027908049,4.652000000000001,4.651999999999992,4.652000000000014,0.00966590027908049,0,0,0,0.0,-1,-1,-1,-1,-1,-1
luna10,0.5,pmdaproc,2.8522028205128205,2.8417435897435905,2.8672820512820514,0.009609289196190028,14.758000000000001,14.75799999999996,14.758000000000026,0.009609289196190028,0,0,0,0.0,-1,-1,-1,-1,-1,1152
luna10,0.5,pmdalinux,0.31488641025641023,0.30566666666666664,0.3243846153846154,0.008226286302140626,4.383000000000002,4.382999999999994,4.3830000000000116,0.008226286302140626,0,0,0,0.0,-1,-1,-1,-1,-1,31
luna10,0.5,pmdaperfevent,0.2889494017094017,0.281051282051282,0.30533333333333335,0.009894145091582547,6.073999999999997,6.073999999999984,6.074000000000009,0.009894145091582547,0,0,0,0.0,-1,-1,-1,-1,-1,36
luna10,0.5,network,-1,-1,-1,-1,-1,-1,-1,-1,-1,-1,-1,-1,52589.26619846152,52490.604769230755,52650.382756410225,64.6911972154828,-1,-1
luna10,0.5,datapoints,-1,-1,-1,-1,-1,-1,-1,-1,-1,-1,-1,-1,-1,-1,-1,-1,1219, -1
luna10,0.25,pmie,0.0,0.0,0.0,0.0,4.214999999999994,4.214999999999974,4.21500000000001,0.0,0,0,0,0.0,-1,-1,-1,-1,-1,-1
luna10,0.25,pmcd,0.21289237113919088,0.20306329113924051,0.22674920634920637,0.010101052520667135,4.652000000000014,4.651999999999992,4.652000000000029,0.010101052520667135,0,0,0,0.0,-1,-1,-1,-1,-1,-1
luna10,0.25,pmdaproc,5.686993609812217,5.671402542372884,5.713493670886074,0.01725787611390364,14.75799999999995,14.757999999999885,14.758000000000019,0.01725787611390364,0,0,0,0.0,-1,-1,-1,-1,-1,1152
luna10,0.25,pmdalinux,0.664055264268209,0.6381522842639593,0.7051392405063291,0.024679330876792586,4.383000000000012,4.382999999999997,4.383000000000025,0.024679330876792586,0,0,0,0.0,-1,-1,-1,-1,-1,31
luna10,0.25,pmdaperfevent,0.5066157806233222,0.5063164556962025,0.5072611464968153,0.0003763661553122179,6.074000000000011,6.073999999999984,6.074000000000033,0.0003763661553122179,0,0,0,0.0,-1,-1,-1,-1,-1,36
luna10,0.25,network,-1,-1,-1,-1,-1,-1,-1,-1,-1,-1,-1,-1,103697.03074307865,103679.19738216561,103721.81273417718,16.090006730347596,-1,-1
luna10,0.25,datapoints,-1,-1,-1,-1,-1,-1,-1,-1,-1,-1,-1,-1,-1,-1,-1,-1,1219, -1
luna10,0.125,pmie,0.0,0.0,0.0,0.0,4.214999999999999,4.214999999999965,4.2150000000000345,0.0,0,0,0,0.0,-1,-1,-1,-1,-1,-1
luna10,0.125,pmcd,0.42629407172995787,0.40458227848101264,0.441789029535865,0.013629599258265498,4.652000000000027,4.652000000000006,4.6520000000000366,0.013629599258265498,0,0,0,0.0,-1,-1,-1,-1,-1,-1
luna10,0.125,pmdaproc,11.267370654008435,11.258845991561175,11.2763670886076,0.007974836389828172,14.757999999999898,14.75799999999985,14.758,0.007974836389828172,0,0,0,0.0,-1,-1,-1,-1,-1,1152
luna10,0.125,pmdalinux,1.4244235443037971,1.315617721518987,1.670632911392405,0.14630155170634956,4.382999999999991,4.382999999999938,4.383000000000022,0.14630155170634956,0,0,0,0.0,-1,-1,-1,-1,-1,31
luna10,0.125,pmdaperfevent,1.0603612025316456,0.9989784810126581,1.2103734177215189,0.08678802528747812,6.074000000000015,6.073999999999981,6.074000000000046,0.08678802528747812,0,0,0,0.0,-1,-1,-1,-1,-1,36
luna10,0.125,network,-1,-1,-1,-1,-1,-1,-1,-1,-1,-1,-1,-1,206304.4748340716,206108.9501139239,206470.54738607592,165.60175112690754,-1,-1
luna10,0.125,datapoints,-1,-1,-1,-1,-1,-1,-1,-1,-1,-1,-1,-1,-1,-1,-1,-1,1219, -1
luna10,0.0625,pmie,0.0,0.0,0.0,0.0,4.2150000000000425,4.214999999999988,4.21500000000009,0.0,0,0,0,0.0,-1,-1,-1,-1,-1,-1
luna10,0.0625,pmcd,0.8210564873417721,0.810526898734177,0.8271867088607595,0.006576890290988309,4.652000000000035,4.652000000000025,4.652000000000039,0.006576890290988309,0,0,0,0.0,-1,-1,-1,-1,-1,-1
luna10,0.0625,pmdaproc,22.523424894514772,22.43744462025317,22.617517405063314,0.08178425645258025,14.758000000000008,14.757999999999843,14.758000000000374,0.08178425645258025,0,0,0,0.0,-1,-1,-1,-1,-1,1152
luna10,0.0625,pmdalinux,2.4053537869198314,2.386278481012659,2.4213109177215197,0.016268607566411672,4.382999999999935,4.382999999999875,4.383000000000021,0.016268607566411672,0,0,0,0.0,-1,-1,-1,-1,-1,31
luna10,0.0625,pmdaperfevent,1.8614513080168777,1.8281566455696205,1.8928433544303802,0.02917523415788117,6.073999999999954,6.073999999999844,6.074000000000046,0.02917523415788117,0,0,0,0.0,-1,-1,-1,-1,-1,36
luna10,0.0625,network,-1,-1,-1,-1,-1,-1,-1,-1,-1,-1,-1,-1,412469.1736540614,411637.7445685656,413251.954318829,652.7462462395372,-1,-1
luna10,0.0625,datapoints,-1,-1,-1,-1,-1,-1,-1,-1,-1,-1,-1,-1,-1,-1,-1,-1,1219, -1
luna10,0.03125,pmie,0.0,0.0,0.0,0.0,4.215000000000068,4.214999999999975,4.215000000000111,0.0,0,0,0,0.0,-1,-1,-1,-1,-1,-1
luna10,0.03125,pmcd,1.2501547019797403,1.2325908915476647,1.267871844660194,0.01462374649032341,4.652000000000038,4.652000000000032,4.652000000000041,0.01462374649032341,0,0,0,0.0,-1,-1,-1,-1,-1,-1
luna10,0.03125,pmdaproc,35.8786662482837,35.51483300970876,36.03654225352115,0.20793598325359222,14.75800000000032,14.757999999999841,14.758000000000862,0.20793598325359222,0,0,0,0.0,-1,-1,-1,-1,-1,1152
luna10,0.03125,pmdalinux,3.4788624195684963,3.3179728155339823,3.6250893371757944,0.10910432008348811,4.3829999999999,4.38299999999985,4.383000000000006,0.10910432008348811,0,0,0,0.0,-1,-1,-1,-1,-1,31
luna10,0.03125,pmdaperfevent,2.8998317855993583,2.849066019417476,2.9600223851794687,0.04977391872985774,6.074000000000019,6.073999999999894,6.074000000000164,0.04977391872985774,0,0,0,0.0,-1,-1,-1,-1,-1,36
luna10,0.03125,network,-1,-1,-1,-1,-1,-1,-1,-1,-1,-1,-1,-1,707942.9513856989,701911.9447980582,710076.1446939406,3425.9190711546044,-1,-1
luna10,0.03125,datapoints,-1,-1,-1,-1,-1,-1,-1,-1,-1,-1,-1,-1,-1,-1,-1,-1,1219, -1
luna20,1,pmie,0.0,0.0,0.0,0.0,4.214999999999999,4.214999999999992,4.2150000000000025,0.0,0,0,0,0.0,-1,-1,-1,-1,-1,-1
luna20,1,pmcd,0.09171438596491228,0.07865789473684211,0.10465789473684212,0.011900672159398856,4.651999999999994,4.65199999999999,4.652,0.011900672159398856,0,0,0,0.0,-1,-1,-1,-1,-1,-1
luna20,1,pmdaproc,2.0277584210526305,2.0097763157894724,2.0492368421052625,0.019339710055778,14.75800000000001,14.758,14.758000000000022,0.019339710055778,0,0,0,0.0,-1,-1,-1,-1,-1,1990
luna20,1,pmdalinux,0.23662456140350874,0.20931578947368418,0.26186842105263153,0.019232152971264713,4.382999999999999,4.382999999999995,4.383000000000004,0.019232152971264713,0,0,0,0.0,-1,-1,-1,-1,-1,36
luna20,1,pmdaperfevent,0.18920912280701754,0.17822105263157892,0.20915789473684213,0.012208117036458566,6.074000000000004,6.073999999999999,6.074000000000009,0.012208117036458566,0,0,0,0.0,-1,-1,-1,-1,-1,72
luna20,1,network,-1,-1,-1,-1,-1,-1,-1,-1,-1,-1,-1,-1,37763.269939473685,37256.99163157895,38308.84815789473,474.18549124882173,-1,-1
luna20,1,datapoints,-1,-1,-1,-1,-1,-1,-1,-1,-1,-1,-1,-1,-1,-1,-1,-1,2098, -1
luna20,0.5,pmie,0.0,0.0,0.0,0.0,4.214999999999999,4.214999999999989,4.215000000000006,0.0,0,0,0,0.0,-1,-1,-1,-1,-1,-1
luna20,0.5,pmcd,0.13721410256410255,0.12148717948717948,0.15164102564102563,0.013837286156095797,4.652000000000001,4.651999999999992,4.652000000000014,0.013837286156095797,0,0,0,0.0,-1,-1,-1,-1,-1,-1
luna20,0.5,pmdaproc,3.9321258974358977,3.9152179487179493,3.940852564102565,0.011986109317374035,14.758000000000001,14.75799999999996,14.758000000000026,0.011986109317374035,0,0,0,0.0,-1,-1,-1,-1,-1,1990
luna20,0.5,pmdalinux,0.4052344444444445,0.37955897435897434,0.42755555555555563,0.01789053570892643,4.383000000000002,4.382999999999994,4.3830000000000116,0.01789053570892643,0,0,0,0.0,-1,-1,-1,-1,-1,36
luna20,0.5,pmdaperfevent,0.3031841025641026,0.29492307692307695,0.307948717948718,0.006421188729065672,6.073999999999997,6.073999999999984,6.074000000000009,0.006421188729065672,0,0,0,0.0,-1,-1,-1,-1,-1,72
luna20,0.5,network,-1,-1,-1,-1,-1,-1,-1,-1,-1,-1,-1,-1,70928.60937717948,70886.16197435898,71012.60012820513,48.853673771658805,-1,-1
luna20,0.5,datapoints,-1,-1,-1,-1,-1,-1,-1,-1,-1,-1,-1,-1,-1,-1,-1,-1,2098, -1
luna20,0.25,pmie,0.0,0.0,0.0,0.0,4.214999999999994,4.214999999999975,4.21500000000001,0.0,0,0,0,0.0,-1,-1,-1,-1,-1,-1
luna20,0.25,pmcd,0.21325132478632475,0.20523076923076922,0.2223290598290598,0.007670081262177893,4.652000000000014,4.651999999999992,4.652000000000029,0.007670081262177893,0,0,0,0.0,-1,-1,-1,-1,-1,-1
luna20,0.25,pmdaproc,7.875847606837606,7.862044871794872,7.888858974358976,0.01206349375074121,14.75799999999995,14.757999999999887,14.758000000000019,0.01206349375074121,0,0,0,0.0,-1,-1,-1,-1,-1,1990
luna20,0.25,pmdalinux,0.6993358119658121,0.6665,0.735675213675214,0.031186072293908837,4.383000000000012,4.382999999999998,4.383000000000024,0.031186072293908837,0,0,0,0.0,-1,-1,-1,-1,-1,36
luna20,0.25,pmdaperfevent,0.54362952991453,0.5131153846153845,0.5627264957264958,0.01915329725907571,6.074000000000011,6.073999999999984,6.074000000000033,0.01915329725907571,0,0,0,0.0,-1,-1,-1,-1,-1,72
luna20,0.25,network,-1,-1,-1,-1,-1,-1,-1,-1,-1,-1,-1,-1,138846.36516474368,138813.028948718,138905.72166666674,36.253177064773126,-1,-1
luna20,0.25,datapoints,-1,-1,-1,-1,-1,-1,-1,-1,-1,-1,-1,-1,-1,-1,-1,-1,2098, -1
luna20,0.125,pmie,0.0,0.0,0.0,0.0,4.214999999999998,4.214999999999965,4.215000000000034,0.0,0,0,0,0.0,-1,-1,-1,-1,-1,-1
luna20,0.125,pmcd,0.4415584713375797,0.43476433121019115,0.4483471337579618,0.004985144823524943,4.652000000000027,4.652000000000006,4.6520000000000366,0.004985144823524943,0,0,0,0.0,-1,-1,-1,-1,-1,-1
luna20,0.125,pmdaproc,15.654622229299378,15.61551592356689,15.713090445859898,0.0385882587565588,14.757999999999898,14.75799999999985,14.758000000000001,0.0385882587565588,0,0,0,0.0,-1,-1,-1,-1,-1,1990
luna20,0.125,pmdalinux,1.529298619957537,1.4289617834394897,1.751095541401274,0.13486848368949106,4.382999999999992,4.382999999999939,4.383000000000024,0.13486848368949106,0,0,0,0.0,-1,-1,-1,-1,-1,36
luna20,0.125,pmdaperfevent,1.1125761995753716,1.0663082802547772,1.2242738853503186,0.0665092196516307,6.074000000000015,6.073999999999984,6.074000000000046,0.0665092196516307,0,0,0,0.0,-1,-1,-1,-1,-1,72
luna20,0.125,network,-1,-1,-1,-1,-1,-1,-1,-1,-1,-1,-1,-1,275446.5759908065,275193.6751353498,276087.242472611,363.33416061939397,-1,-1
luna20,0.125,datapoints,-1,-1,-1,-1,-1,-1,-1,-1,-1,-1,-1,-1,-1,-1,-1,-1,2098, -1
luna20,0.0625,pmie,0.0,0.0,0.0,0.0,4.2150000000000425,4.214999999999989,4.21500000000009,0.0,0,0,0,0.0,-1,-1,-1,-1,-1,-1
luna20,0.0625,pmcd,0.8829248064750984,0.8543035143769966,0.9121403508771928,0.021933696544163946,4.652000000000035,4.652000000000025,4.652000000000039,0.021933696544163946,0,0,0,0.0,-1,-1,-1,-1,-1,-1
luna20,0.0625,pmdaproc,32.005165158274366,31.90286433121019,32.2232875399361,0.13033697389458943,14.758000000000006,14.757999999999843,14.758000000000367,0.13033697389458943,0,0,0,0.0,-1,-1,-1,-1,-1,1990
luna20,0.0625,pmdalinux,2.6029579036180763,2.5751355661881976,2.6213885350318487,0.017129836207200513,4.382999999999935,4.382999999999875,4.38300000000002,0.017129836207200513,0,0,0,0.0,-1,-1,-1,-1,-1,36
luna20,0.0625,pmdaperfevent,1.9097127379093308,1.8596261980830675,1.9342237261146502,0.031505225886337765,6.073999999999954,6.073999999999846,6.074000000000046,0.031505225886337765,0,0,0,0.0,-1,-1,-1,-1,-1,72
luna20,0.0625,network,-1,-1,-1,-1,-1,-1,-1,-1,-1,-1,-1,-1,563272.2815311016,562503.6306865036,564317.0317286619,686.280365530241,-1,-1
luna20,0.0625,datapoints,-1,-1,-1,-1,-1,-1,-1,-1,-1,-1,-1,-1,-1,-1,-1,-1,2098, -1
luna20,0.03125,pmie,0.0,0.0,0.0,0.0,4.215000000000048,4.214999999999981,4.215000000000096,0.0,0,0,0,0.0,-1,-1,-1,-1,-1,-1
luna20,0.03125,pmcd,0.9015534554049934,0.8893748191027496,0.9311714770797962,0.017688882200797746,4.652000000000036,4.652000000000027,4.652000000000039,0.017688882200797746,0,0,0,0.0,-1,-1,-1,-1,-1,-1
luna20,0.03125,pmdaproc,36.56594616017416,36.10844217687072,37.01786894586893,0.33939585990442256,14.758000000000061,14.757999999999841,14.758000000000507,0.33939585990442256,0,0,0,0.0,-1,-1,-1,-1,-1,1990
luna20,0.03125,pmdalinux,2.881339462449847,2.85913508260447,2.9091941143180544,0.0191861259407374,4.382999999999928,4.382999999999868,4.383000000000023,0.0191861259407374,0,0,0,0.0,-1,-1,-1,-1,-1,36
luna20,0.03125,pmdaperfevent,2.599351567569988,2.4216021505376326,2.7434672364672354,0.12838865927376267,6.0739999999999625,6.073999999999856,6.074000000000035,0.12838865927376267,0,0,0,0.0,-1,-1,-1,-1,-1,72
luna20,0.03125,network,-1,-1,-1,-1,-1,-1,-1,-1,-1,-1,-1,-1,644158.3799491718,634755.9638095233,650428.5767236466,6558.080482543713,-1,-1
luna20,0.03125,datapoints,-1,-1,-1,-1,-1,-1,-1,-1,-1,-1,-1,-1,-1,-1,-1,-1,2098, -1
luna30,1,pmie,0.0,0.0,0.0,0.0,4.214999999999999,4.214999999999992,4.2150000000000025,0.0,0,0,0,0.0,-1,-1,-1,-1,-1,-1
luna30,1,pmcd,0.1153417543859649,0.09142105263157894,0.15647368421052632,0.02763357136787701,4.651999999999994,4.65199999999999,4.652,0.02763357136787701,0,0,0,0.0,-1,-1,-1,-1,-1,-1
luna30,1,pmdaproc,2.0732617543859653,2.0500526315789473,2.10178947368421,0.018698803559047624,14.75800000000001,14.758,14.758000000000022,0.018698803559047624,0,0,0,0.0,-1,-1,-1,-1,-1,2065
luna30,1,pmdalinux,0.17123087719298244,0.15789473684210525,0.18405263157894736,0.009609717432316244,4.382999999999999,4.382999999999995,4.383000000000004,0.009609717432316244,0,0,0,0.0,-1,-1,-1,-1,-1,40
luna30,1,pmdaperfevent,0.18846912280701755,0.17529824561403506,0.2103157894736842,0.013153676961420982,6.074000000000004,6.073999999999999,6.074000000000009,0.013153676961420982,0,0,0,0.0,-1,-1,-1,-1,-1,144
luna30,1,network,-1,-1,-1,-1,-1,-1,-1,-1,-1,-1,-1,-1,40150.65021157895,40108.22697368421,40220.686578947374,43.86055729545215,-1,-1
luna30,1,datapoints,-1,-1,-1,-1,-1,-1,-1,-1,-1,-1,-1,-1,-1,-1,-1,-1,2249, -1
luna30,0.5,pmie,0.0,0.0,0.0,0.0,4.214999999999999,4.214999999999989,4.215000000000006,0.0,0,0,0,0.0,-1,-1,-1,-1,-1,-1
luna30,0.5,pmcd,0.15327376068376067,0.15278974358974357,0.15407692307692308,0.0005601000518513369,4.652000000000001,4.651999999999992,4.652000000000014,0.0005601000518513369,0,0,0,0.0,-1,-1,-1,-1,-1,-1
luna30,0.5,pmdaproc,4.094448717948718,4.086512820512821,4.097102564102563,0.00445964076941624,14.758000000000001,14.75799999999996,14.758000000000026,0.00445964076941624,0,0,0,0.0,-1,-1,-1,-1,-1,2065
luna30,0.5,pmdalinux,0.4447291452991453,0.40933333333333327,0.4719128205128206,0.02427152853326161,4.383000000000002,4.382999999999994,4.3830000000000116,0.02427152853326161,0,0,0,0.0,-1,-1,-1,-1,-1,40
luna30,0.5,pmdaperfevent,0.29466247863247863,0.28242307692307694,0.30823076923076925,0.009423465747738955,6.073999999999997,6.073999999999984,6.074000000000009,0.009423465747738955,0,0,0,0.0,-1,-1,-1,-1,-1,144
luna30,0.5,network,-1,-1,-1,-1,-1,-1,-1,-1,-1,-1,-1,-1,78111.02030794873,77333.2659948718,79763.9493846154,985.7081322695644,-1,-1
luna30,0.5,datapoints,-1,-1,-1,-1,-1,-1,-1,-1,-1,-1,-1,-1,-1,-1,-1,-1,2249, -1
luna30,0.25,pmie,0.0,0.0,0.0,0.0,4.214999999999994,4.214999999999975,4.21500000000001,0.0,0,0,0,0.0,-1,-1,-1,-1,-1,-1
luna30,0.25,pmcd,0.24236038461538462,0.22956730769230768,0.25535897435897437,0.011689770536973794,4.652000000000014,4.651999999999992,4.652000000000029,0.011689770536973794,0,0,0,0.0,-1,-1,-1,-1,-1,-1
luna30,0.25,pmdaproc,8.150061880341879,8.119907692307686,8.191044871794874,0.026281801359735416,14.75799999999995,14.757999999999887,14.758000000000019,0.026281801359735416,0,0,0,0.0,-1,-1,-1,-1,-1,2065
luna30,0.25,pmdalinux,0.9634623504273506,0.8606205128205132,1.0233076923076923,0.07074562420215301,4.383000000000012,4.382999999999998,4.383000000000024,0.07074562420215301,0,0,0,0.0,-1,-1,-1,-1,-1,40
luna30,0.25,pmdaperfevent,0.5589371794871795,0.5503141025641025,0.565025641025641,0.007060935117512972,6.074000000000011,6.073999999999984,6.074000000000033,0.007060935117512972,0,0,0,0.0,-1,-1,-1,-1,-1,144
luna30,0.25,network,-1,-1,-1,-1,-1,-1,-1,-1,-1,-1,-1,-1,151295.80483965814,150277.12366666674,152418.0940341881,955.1521223363695,-1,-1
luna30,0.25,datapoints,-1,-1,-1,-1,-1,-1,-1,-1,-1,-1,-1,-1,-1,-1,-1,-1,2249, -1
luna30,0.125,pmie,0.0,0.0,0.0,0.0,4.214999999999998,4.214999999999965,4.215000000000034,0.0,0,0,0,0.0,-1,-1,-1,-1,-1,-1
luna30,0.125,pmcd,0.44111938937190426,0.41906709265175723,0.45065428937259927,0.01301217443632025,4.652000000000027,4.652000000000006,4.6520000000000366,0.01301217443632025,0,0,0,0.0,-1,-1,-1,-1,-1,-1
luna30,0.125,pmdaproc,16.0927064949539,16.033538461538452,16.11700958466453,0.03359621097413631,14.7579999999999,14.75799999999985,14.758000000000003,0.03359621097413631,0,0,0,0.0,-1,-1,-1,-1,-1,2065
luna30,0.125,pmdalinux,1.2895200410866698,1.2808511999999999,1.298977635782748,0.006815540990831649,4.382999999999992,4.38299999999994,4.383000000000025,0.006815540990831649,0,0,0,0.0,-1,-1,-1,-1,-1,40
luna30,0.125,pmdaperfevent,1.0240313896958009,1.0204384,1.0323974358974362,0.004901715884434069,6.074000000000016,6.073999999999985,6.074000000000046,0.004901715884434069,0,0,0,0.0,-1,-1,-1,-1,-1,144
luna30,0.125,network,-1,-1,-1,-1,-1,-1,-1,-1,-1,-1,-1,-1,298397.5877529695,298034.5840064103,298699.0393040002,264.3025532234995,-1,-1
luna30,0.125,datapoints,-1,-1,-1,-1,-1,-1,-1,-1,-1,-1,-1,-1,-1,-1,-1,-1,2249, -1
luna30,0.0625,pmie,0.0,0.0,0.0,0.0,4.2150000000000425,4.214999999999989,4.21500000000009,0.0,0,0,0,0.0,-1,-1,-1,-1,-1,-1
luna30,0.0625,pmcd,0.8496054047539281,0.7886357827476039,0.8765421994884908,0.035234020455640135,4.652000000000035,4.652000000000025,4.652000000000039,0.035234020455640135,0,0,0,0.0,-1,-1,-1,-1,-1,-1
luna30,0.0625,pmdaproc,33.07806586617422,33.00487539936102,33.178849840255594,0.07253851944085375,14.758000000000003,14.757999999999843,14.758000000000361,0.07253851944085375,0,0,0,0.0,-1,-1,-1,-1,-1,2065
luna30,0.0625,pmdalinux,3.0755181188019036,2.7064696485623,3.379004792332268,0.2646257869550053,4.382999999999935,4.382999999999875,4.38300000000002,0.2646257869550053,0,0,0,0.0,-1,-1,-1,-1,-1,40
luna30,0.0625,pmdaperfevent,2.0984573564138818,2.0089584664536746,2.1535079872204475,0.053593321374179395,6.073999999999954,6.073999999999847,6.074000000000046,0.053593321374179395,0,0,0,0.0,-1,-1,-1,-1,-1,144
luna30,0.0625,network,-1,-1,-1,-1,-1,-1,-1,-1,-1,-1,-1,-1,614038.6777356013,612947.5544845581,614780.3375447288,889.4082855224789,-1,-1
luna30,0.0625,datapoints,-1,-1,-1,-1,-1,-1,-1,-1,-1,-1,-1,-1,-1,-1,-1,-1,2249, -1
luna30,0.03125,pmie,0.0,0.0,0.0,0.0,4.215000000000047,4.214999999999985,4.215000000000094,0.0,0,0,0,0.0,-1,-1,-1,-1,-1,-1
luna30,0.03125,pmcd,0.924040421950124,0.8794638554216867,0.955258064516129,0.03037024984660364,4.652000000000036,4.652000000000026,4.65200000000004,0.03037024984660364,0,0,0,0.0,-1,-1,-1,-1,-1,-1
luna30,0.03125,pmdaproc,36.1623716111507,35.80740060240962,36.486899315738,0.25103613414161835,14.758000000000044,14.757999999999841,14.75800000000046,0.25103613414161835,0,0,0,0.0,-1,-1,-1,-1,-1,2065
luna30,0.03125,pmdalinux,2.7645316844670753,2.6261054216867468,2.8908667653589935,0.11938456166571879,4.38299999999993,4.38299999999987,4.383000000000022,0.11938456166571879,0,0,0,0.0,-1,-1,-1,-1,-1,40
luna30,0.03125,pmdaperfevent,2.085123256048978,2.0477861445783128,2.1195196150999265,0.030655483611794248,6.073999999999955,6.073999999999834,6.074000000000046,0.030655483611794248,0,0,0,0.0,-1,-1,-1,-1,-1,144
luna30,0.03125,network,-1,-1,-1,-1,-1,-1,-1,-1,-1,-1,-1,-1,671478.0493374527,661211.9211475902,678226.1726588471,6489.119010307429,-1,-1
luna30,0.03125,datapoints,-1,-1,-1,-1,-1,-1,-1,-1,-1,-1,-1,-1,-1,-1,-1,-1,2249, -1
luna40,1,pmie,0.0,0.0,0.0,0.0,4.214999999999999,4.214999999999992,4.2150000000000025,0.0,0,0,0,0.0,-1,-1,-1,-1,-1,-1
luna40,1,pmcd,0.12213543859649123,0.1035,0.15563157894736843,0.019785645058595737,4.651999999999994,4.65199999999999,4.652,0.019785645058595737,0,0,0,0.0,-1,-1,-1,-1,-1,-1
luna40,1,pmdaproc,2.1161385964912283,2.1023684210526317,2.1291052631578946,0.009770261125594025,14.75800000000001,14.758,14.758000000000022,0.009770261125594025,0,0,0,0.0,-1,-1,-1,-1,-1,2130
luna40,1,pmdalinux,0.18659736842105265,0.15684210526315787,0.21005263157894735,0.019281797316542695,4.382999999999999,4.382999999999995,4.383000000000004,0.019281797316542695,0,0,0,0.0,-1,-1,-1,-1,-1,48
luna40,1,pmdaperfevent,0.18707684210526315,0.16841052631578945,0.21034210526315789,0.021323306536793263,6.074000000000004,6.073999999999999,6.074000000000009,0.021323306536793263,0,0,0,0.0,-1,-1,-1,-1,-1,216
luna40,1,network,-1,-1,-1,-1,-1,-1,-1,-1,-1,-1,-1,-1,43349.83463385964,43292.21914736841,43420.64857894736,50.90151035003405,-1,-1
luna40,1,datapoints,-1,-1,-1,-1,-1,-1,-1,-1,-1,-1,-1,-1,-1,-1,-1,-1,2394, -1
luna40,0.5,pmie,0.0,0.0,0.0,0.0,4.214999999999999,4.214999999999989,4.215000000000006,0.0,0,0,0,0.0,-1,-1,-1,-1,-1,-1
luna40,0.5,pmcd,0.17266555555555554,0.15194871794871795,0.18588034188034186,0.012662012455659533,4.652000000000001,4.651999999999992,4.652000000000014,0.012662012455659533,0,0,0,0.0,-1,-1,-1,-1,-1,-1
luna40,0.5,pmdaproc,4.1905870940170935,4.149179487179487,4.216880341880341,0.02525788624333342,14.758000000000001,14.75799999999996,14.758000000000026,0.02525788624333342,0,0,0,0.0,-1,-1,-1,-1,-1,2130
luna40,0.5,pmdalinux,0.3409291452991453,0.3077948717948718,0.3581474358974359,0.02126969200216355,4.383000000000002,4.382999999999994,4.3830000000000116,0.02126969200216355,0,0,0,0.0,-1,-1,-1,-1,-1,48
luna40,0.5,pmdaperfevent,0.3027925641025641,0.29441666666666666,0.30774358974358973,0.006638144261564665,6.073999999999997,6.073999999999984,6.074000000000009,0.006638144261564665,0,0,0,0.0,-1,-1,-1,-1,-1,216
luna40,0.5,network,-1,-1,-1,-1,-1,-1,-1,-1,-1,-1,-1,-1,82623.32140247867,82615.29293333337,82637.15087179489,8.608052497143492,-1,-1
luna40,0.5,datapoints,-1,-1,-1,-1,-1,-1,-1,-1,-1,-1,-1,-1,-1,-1,-1,-1,2394, -1
luna40,0.25,pmie,0.0,0.0,0.0,0.0,4.214999999999994,4.214999999999975,4.21500000000001,0.0,0,0,0,0.0,-1,-1,-1,-1,-1,-1
luna40,0.25,pmcd,0.2539510256410257,0.25203846153846154,0.25620512820512825,0.0014982134879548536,4.652000000000014,4.651999999999992,4.652000000000029,0.0014982134879548536,0,0,0,0.0,-1,-1,-1,-1,-1,-1
luna40,0.25,pmdaproc,8.305492435897438,8.267935897435901,8.332721153846157,0.026510313374924245,14.75799999999995,14.757999999999887,14.758000000000019,0.026510313374924245,0,0,0,0.0,-1,-1,-1,-1,-1,2130
luna40,0.25,pmdalinux,0.690501153846154,0.6773102564102568,0.7181538461538461,0.01650876565470028,4.383000000000012,4.382999999999998,4.383000000000024,0.01650876565470028,0,0,0,0.0,-1,-1,-1,-1,-1,48
luna40,0.25,pmdaperfevent,0.559752393162393,0.558153846153846,0.5612897435897435,0.001283994737788342,6.074000000000011,6.073999999999984,6.074000000000033,0.001283994737788342,0,0,0,0.0,-1,-1,-1,-1,-1,216
luna40,0.25,network,-1,-1,-1,-1,-1,-1,-1,-1,-1,-1,-1,-1,162178.30810029912,162125.87275897435,162211.17705982891,35.100759047950845,-1,-1
luna40,0.25,datapoints,-1,-1,-1,-1,-1,-1,-1,-1,-1,-1,-1,-1,-1,-1,-1,-1,2394, -1
luna40,0.125,pmie,0.0,0.0,0.0,0.0,4.214999999999998,4.214999999999965,4.215000000000033,0.0,0,0,0,0.0,-1,-1,-1,-1,-1,-1
luna40,0.125,pmcd,0.4471443162393163,0.427426282051282,0.46522051282051297,0.014636823290113465,4.652000000000027,4.652000000000006,4.6520000000000366,0.014636823290113465,0,0,0,0.0,-1,-1,-1,-1,-1,-1
luna40,0.125,pmdaproc,16.54303017094017,16.517002136752144,16.619070512820503,0.04279563610112305,14.7579999999999,14.75799999999985,14.758000000000003,0.04279563610112305,0,0,0,0.0,-1,-1,-1,-1,-1,2130
luna40,0.125,pmdalinux,1.35389094017094,1.3332538461538457,1.3824166666666666,0.01830414454303065,4.382999999999992,4.38299999999994,4.383000000000025,0.01830414454303065,0,0,0,0.0,-1,-1,-1,-1,-1,48
luna40,0.125,pmdaperfevent,1.0600217521367523,1.048948717948718,1.0811025641025638,0.01257754288893847,6.074000000000016,6.073999999999985,6.074000000000046,0.01257754288893847,0,0,0,0.0,-1,-1,-1,-1,-1,216
luna40,0.125,network,-1,-1,-1,-1,-1,-1,-1,-1,-1,-1,-1,-1,321183.77259418793,321092.43751282047,321219.4340307691,51.80927118575456,-1,-1
luna40,0.125,datapoints,-1,-1,-1,-1,-1,-1,-1,-1,-1,-1,-1,-1,-1,-1,-1,-1,2394, -1
luna40,0.0625,pmie,0.0,0.0,0.0,0.0,4.215000000000042,4.214999999999989,4.21500000000009,0.0,0,0,0,0.0,-1,-1,-1,-1,-1,-1
luna40,0.0625,pmcd,0.8947576745758447,0.8314935897435897,0.9188187650360863,0.03603005536675913,4.652000000000035,4.652000000000025,4.652000000000039,0.03603005536675913,0,0,0,0.0,-1,-1,-1,-1,-1,-1
luna40,0.0625,pmdaproc,34.10941829620127,34.075583974358935,34.14743269230767,0.026374225385348768,14.758000000000003,14.757999999999845,14.758000000000358,0.026374225385348768,0,0,0,0.0,-1,-1,-1,-1,-1,2130
luna40,0.0625,pmdalinux,2.715745868049038,2.647233974358974,2.7679647435897436,0.046735382410587424,4.382999999999936,4.382999999999876,4.38300000000002,0.046735382410587424,0,0,0,0.0,-1,-1,-1,-1,-1,48
luna40,0.0625,pmdaperfevent,2.0601365864926224,2.0117852564102563,2.1030697674418604,0.038617440508108496,6.073999999999954,6.073999999999848,6.074000000000046,0.038617440508108496,0,0,0,0.0,-1,-1,-1,-1,-1,216
luna40,0.0625,network,-1,-1,-1,-1,-1,-1,-1,-1,-1,-1,-1,-1,664530.6068950946,663357.9952692308,665141.4898997593,684.657997288582,-1,-1
luna40,0.0625,datapoints,-1,-1,-1,-1,-1,-1,-1,-1,-1,-1,-1,-1,-1,-1,-1,-1,2394, -1
luna40,0.03125,pmie,0.012847119025057644,0.0,0.02553015873015873,0.009338394133085641,4.215000000000044,4.214999999999989,4.215000000000091,0.009338394133085641,0,0,0,0.0,-1,-1,-1,-1,-1,-1
luna40,0.03125,pmcd,0.9255802860136522,0.8870352564102566,0.9631449126413154,0.027506368696374836,4.652000000000035,4.652000000000025,4.65200000000004,0.027506368696374836,0,0,0,0.0,-1,-1,-1,-1,-1,-1
luna40,0.03125,pmdaproc,35.50050876991859,34.44372115384618,36.0964572127139,0.72681667645906,14.758000000000028,14.757999999999843,14.758000000000417,0.72681667645906,0,0,0,0.0,-1,-1,-1,-1,-1,2130
luna40,0.03125,pmdalinux,2.7179134644335248,2.5927884615384613,2.7545448963929386,0.07016205740193876,4.382999999999933,4.382999999999872,4.38300000000002,0.07016205740193876,0,0,0,0.0,-1,-1,-1,-1,-1,48
luna40,0.03125,pmdaperfevent,2.0119987345838646,1.9369775641025642,2.058718826405868,0.05791232250331125,6.0739999999999545,6.073999999999837,6.074000000000046,0.05791232250331125,0,0,0,0.0,-1,-1,-1,-1,-1,216
luna40,0.03125,network,-1,-1,-1,-1,-1,-1,-1,-1,-1,-1,-1,-1,694014.1257227889,674113.743727564,706040.5338612472,13957.893699546285,-1,-1
luna40,0.03125,datapoints,-1,-1,-1,-1,-1,-1,-1,-1,-1,-1,-1,-1,-1,-1,-1,-1,2394, -1
luna50,1,pmie,0.0,0.0,0.0,0.0,4.214999999999999,4.214999999999992,4.2150000000000025,0.0,0,0,0,0.0,-1,-1,-1,-1,-1,-1
luna50,1,pmcd,0.0957738596491228,0.08635087719298246,0.10389473684210526,0.007852341292472509,4.651999999999994,4.65199999999999,4.652,0.007852341292472509,0,0,0,0.0,-1,-1,-1,-1,-1,-1
luna50,1,pmdaproc,2.2441949122807014,2.227505263157895,2.2602631578947365,0.014961052704611092,14.75800000000001,14.758,14.758000000000022,0.014961052704611092,0,0,0,0.0,-1,-1,-1,-1,-1,2205
luna50,1,pmdalinux,0.29495736842105263,0.28353684210526314,0.31589473684210523,0.012750587189781119,4.382999999999999,4.382999999999995,4.383000000000004,0.012750587189781119,0,0,0,0.0,-1,-1,-1,-1,-1,52
luna50,1,pmdaperfevent,0.22199175438596494,0.18877894736842107,0.2616842105263158,0.02978227189876788,6.074000000000004,6.073999999999999,6.074000000000009,0.02978227189876788,0,0,0,0.0,-1,-1,-1,-1,-1,288
luna50,1,network,-1,-1,-1,-1,-1,-1,-1,-1,-1,-1,-1,-1,46456.656956842104,46143.504315789476,46971.79642105263,397.10505390488123,-1,-1
luna50,1,datapoints,-1,-1,-1,-1,-1,-1,-1,-1,-1,-1,-1,-1,-1,-1,-1,-1,2545, -1
luna50,0.5,pmie,0.0,0.0,0.0,0.0,4.214999999999998,4.214999999999989,4.215000000000005,0.0,0,0,0,0.0,-1,-1,-1,-1,-1,-1
luna50,0.5,pmcd,0.15527824561403505,0.15475438596491226,0.15613157894736843,0.0006711653958689314,4.652,4.651999999999992,4.6520000000000135,0.0006711653958689314,0,0,0,0.0,-1,-1,-1,-1,-1,-1
luna50,0.5,pmdaproc,4.264548333333334,4.256,4.2732719298245625,0.007946768416799433,14.758000000000001,14.757999999999965,14.758000000000024,0.007946768416799433,0,0,0,0.0,-1,-1,-1,-1,-1,2205
luna50,0.5,pmdalinux,0.47410605263157907,0.46011184210526335,0.4999868421052633,0.015807842757924927,4.383000000000001,4.382999999999993,4.383000000000011,0.015807842757924927,0,0,0,0.0,-1,-1,-1,-1,-1,52
luna50,0.5,pmdaperfevent,0.29744175438596493,0.28919736842105265,0.316078947368421,0.010986540679410338,6.073999999999997,6.073999999999985,6.074000000000009,0.010986540679410338,0,0,0,0.0,-1,-1,-1,-1,-1,288
luna50,0.5,network,-1,-1,-1,-1,-1,-1,-1,-1,-1,-1,-1,-1,88327.604475,88301.82511842102,88341.35778947368,16.364537940727537,-1,-1
luna50,0.5,datapoints,-1,-1,-1,-1,-1,-1,-1,-1,-1,-1,-1,-1,-1,-1,-1,-1,2545, -1
luna50,0.25,pmie,0.0,0.0,0.0,0.0,4.214999999999994,4.214999999999975,4.21500000000001,0.0,0,0,0,0.0,-1,-1,-1,-1,-1,-1
luna50,0.25,pmcd,0.2764111914705254,0.264279792746114,0.3020779220779221,0.015421235488102302,4.652000000000014,4.651999999999992,4.652000000000029,0.015421235488102302,0,0,0,0.0,-1,-1,-1,-1,-1,-1
luna50,0.25,pmdaproc,8.571608506030255,8.557022653721672,8.610311688311688,0.02281574786480416,14.757999999999951,14.757999999999887,14.758000000000019,0.02281574786480416,0,0,0,0.0,-1,-1,-1,-1,-1,2205
luna50,0.25,pmdalinux,0.8806383468225037,0.8547475728155343,0.9422823834196892,0.03641803814684111,4.383000000000012,4.382999999999998,4.383000000000024,0.03641803814684111,0,0,0,0.0,-1,-1,-1,-1,-1,52
luna50,0.25,pmdaperfevent,0.5697872049558209,0.5687461139896373,0.5711948051948051,0.0012578420723659894,6.074000000000011,6.073999999999985,6.074000000000032,0.0012578420723659894,0,0,0,0.0,-1,-1,-1,-1,-1,288
luna50,0.25,network,-1,-1,-1,-1,-1,-1,-1,-1,-1,-1,-1,-1,173099.9472502409,173090.0192987014,173114.27923376634,8.86370477731015,-1,-1
luna50,0.25,datapoints,-1,-1,-1,-1,-1,-1,-1,-1,-1,-1,-1,-1,-1,-1,-1,-1,2545, -1
luna50,0.125,pmie,0.0,0.0,0.0,0.0,4.214999999999998,4.214999999999966,4.215000000000033,0.0,0,0,0,0.0,-1,-1,-1,-1,-1,-1
luna50,0.125,pmcd,0.46787141935483867,0.45767419354838695,0.5034709677419354,0.01993975686224099,4.652000000000026,4.6520000000000055,4.652000000000036,0.01993975686224099,0,0,0,0.0,-1,-1,-1,-1,-1,-1
luna50,0.125,pmdaproc,17.147687655913973,17.12402322580644,17.215161290322584,0.03824925334403626,14.7579999999999,14.75799999999985,14.758000000000003,0.03824925334403626,0,0,0,0.0,-1,-1,-1,-1,-1,2205
luna50,0.125,pmdalinux,2.0075679784946234,1.8014038709677416,2.4460774193548382,0.262939641037832,4.382999999999993,4.3829999999999405,4.383000000000027,0.262939641037832,0,0,0,0.0,-1,-1,-1,-1,-1,52
luna50,0.125,pmdaperfevent,1.0743628387096775,1.067465806451613,1.0777870967741938,0.004105843595866189,6.074000000000016,6.073999999999985,6.074000000000046,0.004105843595866189,0,0,0,0.0,-1,-1,-1,-1,-1,288
luna50,0.125,network,-1,-1,-1,-1,-1,-1,-1,-1,-1,-1,-1,-1,344061.39661531174,344023.80071935477,344120.1565483868,36.41734978580137,-1,-1
luna50,0.125,datapoints,-1,-1,-1,-1,-1,-1,-1,-1,-1,-1,-1,-1,-1,-1,-1,-1,2545, -1
luna50,0.0625,pmie,0.0,0.0,0.0,0.0,4.215000000000042,4.21499999999999,4.215000000000089,0.0,0,0,0,0.0,-1,-1,-1,-1,-1,-1
luna50,0.0625,pmcd,0.9925513076021575,0.9853247422680413,1.0056641550053822,0.008965762508620169,4.652000000000035,4.652000000000025,4.652000000000039,0.008965762508620169,0,0,0,0.0,-1,-1,-1,-1,-1,-1
luna50,0.0625,pmdaproc,35.171459048699084,35.101414182111256,35.31353646677476,0.08885986130385627,14.758,14.757999999999845,14.758000000000353,0.08885986130385627,0,0,0,0.0,-1,-1,-1,-1,-1,2205
luna50,0.0625,pmdalinux,3.3005329809303916,3.2769860064585585,3.3283161290322583,0.020850004761725903,4.382999999999936,4.382999999999876,4.38300000000002,0.020850004761725903,0,0,0,0.0,-1,-1,-1,-1,-1,52
luna50,0.0625,pmdaperfevent,2.0766806154296034,2.039190721649485,2.113806451612903,0.028229471845326676,6.073999999999954,6.073999999999849,6.074000000000046,0.028229471845326676,0,0,0,0.0,-1,-1,-1,-1,-1,288
luna50,0.0625,network,-1,-1,-1,-1,-1,-1,-1,-1,-1,-1,-1,-1,709962.8806021228,706702.7829419355,712330.3763565639,2071.8737961684274,-1,-1
luna50,0.0625,datapoints,-1,-1,-1,-1,-1,-1,-1,-1,-1,-1,-1,-1,-1,-1,-1,-1,2545, -1
luna50,0.03125,pmie,0.0,0.0,0.0,0.0,4.215000000000045,4.2149999999999865,4.215000000000091,0.0,0,0,0,0.0,-1,-1,-1,-1,-1,-1
luna50,0.03125,pmcd,0.976364764982362,0.9614787430683918,1.0084736842105264,0.018579822746305458,4.652000000000036,4.652000000000025,4.65200000000004,0.018579822746305458,0,0,0,0.0,-1,-1,-1,-1,-1,-1
luna50,0.03125,pmdaproc,37.1725132696935,37.012575477510794,37.53600758725341,0.21118212614060855,14.758000000000022,14.757999999999843,14.758000000000408,0.21118212614060855,0,0,0,0.0,-1,-1,-1,-1,-1,2205
luna50,0.03125,pmdalinux,3.4677368177122423,3.333755417956655,3.649043076923077,0.1529912434712625,4.382999999999932,4.382999999999873,4.383000000000021,0.1529912434712625,0,0,0,0.0,-1,-1,-1,-1,-1,52
luna50,0.03125,pmdaperfevent,2.1521205325826633,2.1059287925696597,2.1998588770864944,0.034384392001006625,6.073999999999954,6.073999999999838,6.074000000000047,0.034384392001006625,0,0,0,0.0,-1,-1,-1,-1,-1,288
luna50,0.03125,network,-1,-1,-1,-1,-1,-1,-1,-1,-1,-1,-1,-1,753066.262075585,747903.1521455111,760478.4717283766,4666.226422054927,-1,-1
luna50,0.03125,datapoints,-1,-1,-1,-1,-1,-1,-1,-1,-1,-1,-1,-1,-1,-1,-1,-1,2545, -1
