alias,interval,component,cpu_use_mean,cpu_use_min,cpu_use_max,cpu_use_std,mem_use_mean,mem_use_min,mem_use_max,mem_use_std,io_use_mean,io_use_min,io_use_max,io_use_std,net_use_mean,net_use_min,net_use_max,net_use_std,total_datapoints
luna10,1,pmie,0.0,0.0,0.0,0.0,4.214999999999999,4.214999999999992,4.2150000000000025,0.0,0.004116210937499999,0.004116210937499992,0.0041162109375000025,4.630444574660032e-18,-1,-1,-1,-1,-1
luna10,1,pmcd,0.06754578947368421,0.05260526315789473,0.08392631578947368,0.014464846296914179,4.589999999999998,4.58999999999999,4.5900000000000025,0.014464846296914179,0.004482421874999998,0.00448242187499999,0.0044824218750000025,5.2545229385848046e-18,-1,-1,-1,-1,-1
luna10,1,pmdaproc,1.7061177192982457,1.681842105263158,1.7212763157894742,0.01540751127413736,19.28899999999999,19.28899999999999,19.288999999999994,0.01540751127413736,0.01883691406249999,0.01883691406249999,0.018836914062499995,1.5515838457795456e-18,-1,-1,-1,-1,-1
luna10,1,pmdalinux,0.22752280701754385,0.2,0.263,0.024430577801862172,4.382999999999999,4.382999999999995,4.383000000000004,0.024430577801862172,0.004280273437499999,0.004280273437499995,0.0042802734375000035,3.3255151258919393e-18,-1,-1,-1,-1,-1
luna10,1,pmdaperfevent,0.11668263157894736,0.10510526315789473,0.13160526315789473,0.011472777849280765,5.976999999999996,5.976999999999988,5.977000000000003,0.011472777849280765,0.005836914062499996,0.005836914062499988,0.005836914062500003,6.588524522771805e-18,-1,-1,-1,-1,-1
luna10,1,network,-1,-1,-1,-1,-1,-1,-1,-1,-1,-1,-1,-1,53.7629,53.417500000000004,54.580999999999996,0.4791700376692991,-1
luna10,1,datapoints,-1,-1,-1,-1,-1,-1,-1,-1,-1,-1,-1,-1,-1,-1,-1,-1,1226
luna10,0.5,pmie,0.0,0.0,0.0,0.0,4.214999999999999,4.214999999999989,4.215000000000006,0.0,0.004116210937499999,0.0041162109374999895,0.004116210937500006,6.27265070849028e-18,-1,-1,-1,-1,-1
luna10,0.5,pmcd,0.11224094017094016,0.1019102564102564,0.12277948717948718,0.009361224383163358,4.59,4.589999999999992,4.590000000000008,0.009361224383163358,0.004482421875,0.004482421874999992,0.004482421875000008,6.296592210436858e-18,-1,-1,-1,-1,-1
luna10,0.5,pmdaproc,3.3347475213675217,3.3301153846153855,3.3505025641025634,0.008839676839358249,19.28900000000003,19.28899999999999,19.289000000000094,0.008839676839358249,0.01883691406250003,0.01883691406249999,0.01883691406250009,4.559386618529923e-17,-1,-1,-1,-1,-1
luna10,0.5,pmdalinux,0.3968284615384616,0.38539743589743597,0.41143589743589754,0.009622740536729266,4.383000000000002,4.382999999999994,4.3830000000000116,0.009622740536729266,0.004280273437500002,0.004280273437499994,0.004280273437500011,6.673614460242278e-18,-1,-1,-1,-1,-1
luna10,0.5,pmdaperfevent,0.16849564102564102,0.15369230769230768,0.1841897435897436,0.014110008396502664,5.976999999999992,5.976999999999983,5.977000000000003,0.014110008396502664,0.0058369140624999925,0.005836914062499984,0.005836914062500003,8.066930473328863e-18,-1,-1,-1,-1,-1
luna10,0.5,network,-1,-1,-1,-1,-1,-1,-1,-1,-1,-1,-1,-1,101.4408,100.92499999999998,101.94149999999999,0.4723489970350266,-1
luna10,0.5,datapoints,-1,-1,-1,-1,-1,-1,-1,-1,-1,-1,-1,-1,-1,-1,-1,-1,1226
luna10,0.25,pmie,0.0,0.0,0.0,0.0,4.214999999999994,4.214999999999974,4.21500000000001,0.0,0.004116210937499994,0.004116210937499975,0.004116210937500009,1.2929218872063998e-17,-1,-1,-1,-1,-1
luna10,0.25,pmcd,0.2759736080101668,0.26351269035532987,0.3006708860759494,0.015024861139002482,4.589999999999991,4.58999999999997,4.590000000000004,0.015024861139002482,0.004482421874999991,0.00448242187499997,0.004482421875000004,1.3993854182897094e-17,-1,-1,-1,-1,-1
luna10,0.25,pmdaproc,6.579298699005874,6.563299363057325,6.6013686440677946,0.014392737382952134,19.28900000000001,19.28899999999994,19.289000000000065,0.014392737382952134,0.01883691406250001,0.018836914062499942,0.018836914062500064,5.212259517523321e-17,-1,-1,-1,-1,-1
luna10,0.25,pmdalinux,0.7262444620760039,0.7107215189873417,0.7512360406091373,0.01584703872684003,4.383000000000012,4.382999999999997,4.383000000000025,0.01584703872684003,0.004280273437500012,0.004280273437499997,0.004280273437500024,1.126569012842004e-17,-1,-1,-1,-1,-1
luna10,0.25,pmdaperfevent,0.3631339102742502,0.3504556962025317,0.37426903553299495,0.010474902369232379,5.977000000000006,5.976999999999983,5.977000000000032,0.010474902369232379,0.0058369140625000055,0.005836914062499984,0.0058369140625000315,1.8969262682532288e-17,-1,-1,-1,-1,-1
luna10,0.25,network,-1,-1,-1,-1,-1,-1,-1,-1,-1,-1,-1,-1,197.5017,196.4445,199.457,1.2491312781289166,-1
luna10,0.25,datapoints,-1,-1,-1,-1,-1,-1,-1,-1,-1,-1,-1,-1,-1,-1,-1,-1,1226
luna10,0.125,pmie,0.0,0.0,0.0,0.0,4.214999999999999,4.214999999999965,4.2150000000000345,0.0,0.004116210937499999,0.004116210937499966,0.004116210937500034,2.4795018641551027e-17,-1,-1,-1,-1,-1
luna10,0.125,pmcd,0.4696657387235942,0.45370886075949374,0.4804367088607595,0.010031185635122552,4.590000000000004,4.589999999999976,4.590000000000043,0.010031185635122552,0.004482421875000004,0.0044824218749999764,0.004482421875000042,2.662814661999599e-17,-1,-1,-1,-1,-1
luna10,0.125,pmdaproc,13.190777190704004,13.180544303797461,13.207648922686944,0.010531792400627484,19.2890000000001,19.288999999999987,19.289000000000275,0.010531792400627484,0.0188369140625001,0.018836914062499988,0.01883691406250027,1.177978151296111e-16,-1,-1,-1,-1,-1
luna10,0.125,pmdalinux,1.6574677216130613,1.5534942965779472,1.7777025316455697,0.09404369926048034,4.382999999999991,4.382999999999938,4.383000000000022,0.09404369926048034,0.004280273437499991,0.004280273437499939,0.004280273437500022,3.5714876871750246e-17,-1,-1,-1,-1,-1
luna10,0.125,pmdaperfevent,0.7439408144548375,0.7178935361216733,0.7827183544303798,0.026605947703615733,5.976999999999979,5.976999999999937,5.977000000000032,0.026605947703615733,0.0058369140624999795,0.005836914062499939,0.0058369140625000315,3.520783587191813e-17,-1,-1,-1,-1,-1
luna10,0.125,network,-1,-1,-1,-1,-1,-1,-1,-1,-1,-1,-1,-1,387.0254,386.85849999999994,387.2685,0.16024450068568238,-1
luna10,0.125,datapoints,-1,-1,-1,-1,-1,-1,-1,-1,-1,-1,-1,-1,-1,-1,-1,-1,1226
luna10,0.0625,pmie,0.0,0.0,0.0,0.0,4.2150000000000425,4.214999999999988,4.21500000000009,0.0,0.0041162109375000415,0.004116210937499989,0.0041162109375000875,4.287961338191133e-17,-1,-1,-1,-1,-1
luna10,0.0625,pmcd,0.9476261454812591,0.9320443505807814,0.9744556962025315,0.01965801550166918,4.590000000000047,4.589999999999983,4.590000000000094,0.01965801550166918,0.004482421875000046,0.004482421874999983,0.004482421875000092,4.5126156380038526e-17,-1,-1,-1,-1,-1
luna10,0.0625,pmdaproc,26.66957567049202,26.628794806839792,26.771284810126584,0.058283045612102416,19.28900000000028,19.28899999999999,19.28900000000047,0.058283045612102416,0.018836914062500272,0.01883691406249999,0.01883691406250046,1.916598616574185e-16,-1,-1,-1,-1,-1
luna10,0.0625,pmdalinux,2.8364390108777338,2.8279754552652414,2.842727848101266,0.0064315126439129415,4.382999999999935,4.382999999999875,4.383000000000021,0.0064315126439129415,0.004280273437499937,0.004280273437499878,0.004280273437500021,5.891231769956954e-17,-1,-1,-1,-1,-1
luna10,0.0625,pmdaperfevent,1.2882876857005212,1.2790822784810127,1.29779227359088,0.008479649265903819,5.976999999999968,5.976999999999909,5.977000000000031,0.008479649265903819,0.005836914062499969,0.005836914062499911,0.005836914062500031,5.459420346718279e-17,-1,-1,-1,-1,-1
luna10,0.0625,network,-1,-1,-1,-1,-1,-1,-1,-1,-1,-1,-1,-1,768.7244,768.0839999999998,769.28,0.5565221693697936,-1
luna10,0.0625,datapoints,-1,-1,-1,-1,-1,-1,-1,-1,-1,-1,-1,-1,-1,-1,-1,-1,1226
luna10,0.03125,pmie,0.0,0.0,0.0,0.0,4.215000000000061,4.214999999999966,4.215000000000107,0.0,0.00411621093750006,0.004116210937499967,0.004116210937500105,5.589942846872262e-17,-1,-1,-1,-1,-1
luna10,0.03125,pmcd,1.2624501530059744,1.2241884368308347,1.2948660235798497,0.02582217690024055,4.5900000000000665,4.589999999999972,4.590000000000111,0.02582217690024055,0.004482421875000065,0.004482421874999973,0.004482421875000108,5.481561492675147e-17,-1,-1,-1,-1,-1
luna10,0.03125,pmdaproc,39.45380529362297,39.40815845824407,39.515737406216495,0.04409496927654582,19.289000000000097,19.288999999999536,19.289000000000446,0.04409496927654582,0.018836914062500095,0.018836914062499547,0.018836914062500435,3.4775040605913e-16,-1,-1,-1,-1,-1
luna10,0.03125,pmdalinux,3.4967480675633698,3.3647558886509623,3.5608687031082518,0.07672008774900652,4.382999999999909,4.382999999999854,4.383000000000027,0.07672008774900652,0.0042802734374999115,0.004280273437499858,0.004280273437500026,6.819857464827783e-17,-1,-1,-1,-1,-1
luna10,0.03125,pmdaperfevent,1.6497221756557154,1.6338454349388933,1.6633043944265813,0.011555838434669945,5.977000000000047,5.97699999999992,5.977000000000265,0.011555838434669945,0.005836914062500046,0.005836914062499922,0.005836914062500259,1.4629901277784552e-16,-1,-1,-1,-1,-1
luna10,0.03125,network,-1,-1,-1,-1,-1,-1,-1,-1,-1,-1,-1,-1,1139.728,1112.4855,1160.072,18.091427386334153,-1
luna10,0.03125,datapoints,-1,-1,-1,-1,-1,-1,-1,-1,-1,-1,-1,-1,-1,-1,-1,-1,1226
luna20,1,pmie,0.0,0.0,0.0,0.0,4.214999999999999,4.214999999999992,4.2150000000000025,0.0,0.004116210937499999,0.004116210937499992,0.0041162109375000025,4.630444574660032e-18,-1,-1,-1,-1,-1
luna20,1,pmcd,0.06083877192982456,0.05284210526315789,0.06991228070175438,0.007618245167600731,4.589999999999998,4.58999999999999,4.5900000000000025,0.007618245167600731,0.004482421874999998,0.00448242187499999,0.0044824218750000025,5.2545229385848046e-18,-1,-1,-1,-1,-1
luna20,1,pmdaproc,1.7981012280701758,1.78740350877193,1.8137236842105267,0.014154025531642366,19.28899999999999,19.28899999999999,19.288999999999994,0.014154025531642366,0.01883691406249999,0.01883691406249999,0.018836914062499995,1.5515838457795456e-18,-1,-1,-1,-1,-1
luna20,1,pmdalinux,0.2389756140350877,0.2275438596491228,0.2634736842105263,0.014194761647639685,4.382999999999999,4.382999999999995,4.383000000000004,0.014194761647639685,0.004280273437499999,0.004280273437499995,0.0042802734375000035,3.3255151258919393e-18,-1,-1,-1,-1,-1
luna20,1,pmdaperfevent,0.10997561403508771,0.10526315789473684,0.11827631578947367,0.006451302606816338,5.976999999999996,5.976999999999988,5.977000000000003,0.006451302606816338,0.005836914062499996,0.005836914062499988,0.005836914062500003,6.588524522771805e-18,-1,-1,-1,-1,-1
luna20,1,network,-1,-1,-1,-1,-1,-1,-1,-1,-1,-1,-1,-1,65.447,65.0505,66.024,0.3848993374896906,-1
luna20,1,datapoints,-1,-1,-1,-1,-1,-1,-1,-1,-1,-1,-1,-1,-1,-1,-1,-1,1680
luna20,0.5,pmie,0.0,0.0,0.0,0.0,4.214999999999999,4.214999999999989,4.215000000000006,0.0,0.004116210937499999,0.0041162109374999895,0.004116210937500006,6.27265070849028e-18,-1,-1,-1,-1,-1
luna20,0.5,pmcd,0.14210598290598292,0.1321282051282051,0.1517948717948718,0.00919177592266384,4.59,4.589999999999992,4.590000000000008,0.00919177592266384,0.004482421875,0.004482421874999992,0.004482421875000008,6.296592210436858e-18,-1,-1,-1,-1,-1
luna20,0.5,pmdaproc,3.5017727350427346,3.483173076923075,3.5333333333333337,0.020847263483081826,19.28900000000003,19.28899999999999,19.289000000000094,0.020847263483081826,0.01883691406250003,0.01883691406249999,0.01883691406250009,4.559386618529923e-17,-1,-1,-1,-1,-1
luna20,0.5,pmdalinux,0.4071976068376068,0.3987230769230769,0.4105641025641026,0.004794391645292196,4.383000000000002,4.382999999999994,4.3830000000000116,0.004794391645292196,0.004280273437500002,0.004280273437499994,0.004280273437500011,6.673614460242278e-18,-1,-1,-1,-1,-1
luna20,0.5,pmdaperfevent,0.21561136752136756,0.20518589743589744,0.25700000000000006,0.02313709666987943,5.976999999999992,5.976999999999983,5.977000000000003,0.02313709666987943,0.0058369140624999925,0.005836914062499984,0.005836914062500003,8.066930473328863e-18,-1,-1,-1,-1,-1
luna20,0.5,network,-1,-1,-1,-1,-1,-1,-1,-1,-1,-1,-1,-1,123.0022,122.60150000000003,123.94649999999999,0.5378198583168796,-1
luna20,0.5,datapoints,-1,-1,-1,-1,-1,-1,-1,-1,-1,-1,-1,-1,-1,-1,-1,-1,1680
luna20,0.25,pmie,0.0,0.0,0.0,0.0,4.214999999999994,4.214999999999975,4.21500000000001,0.0,0.004116210937499994,0.004116210937499976,0.004116210937500009,1.261407607902001e-17,-1,-1,-1,-1,-1
luna20,0.25,pmcd,0.24283153846153846,0.22975641025641025,0.2554294871794872,0.011821252535395258,4.589999999999991,4.5899999999999705,4.590000000000005,0.011821252535395258,0.004482421874999991,0.004482421874999971,0.004482421875000005,1.3774403514400316e-17,-1,-1,-1,-1,-1
luna20,0.25,pmdaproc,6.906449615384616,6.890333333333333,6.915148717948722,0.011567456443403392,19.289000000000012,19.288999999999945,19.289000000000065,0.011567456443403392,0.018836914062500012,0.018836914062499946,0.018836914062500064,5.0670557102830774e-17,-1,-1,-1,-1,-1
luna20,0.25,pmdalinux,0.7383776495726496,0.717525641025641,0.7553621794871797,0.018589864854698407,4.383000000000012,4.382999999999998,4.383000000000024,0.018589864854698407,0.004280273437500012,0.004280273437499998,0.004280273437500023,1.0753186890484457e-17,-1,-1,-1,-1,-1
luna20,0.25,pmdaperfevent,0.36682846153846155,0.3586923076923077,0.3761538461538461,0.00784242749203231,5.9770000000000065,5.976999999999983,5.977000000000031,0.00784242749203231,0.005836914062500006,0.005836914062499984,0.005836914062500031,1.8809954695392063e-17,-1,-1,-1,-1,-1
luna20,0.25,network,-1,-1,-1,-1,-1,-1,-1,-1,-1,-1,-1,-1,235.3673,234.42249999999999,235.987,0.5972741832692953,-1
luna20,0.25,datapoints,-1,-1,-1,-1,-1,-1,-1,-1,-1,-1,-1,-1,-1,-1,-1,-1,1680
luna20,0.125,pmie,0.0,0.0,0.0,0.0,4.214999999999998,4.214999999999965,4.215000000000034,0.0,0.004116210937499998,0.004116210937499966,0.004116210937500033,2.4422048023301037e-17,-1,-1,-1,-1,-1
luna20,0.125,pmcd,0.5169926963906583,0.504267515923567,0.5300668789808918,0.010558676422606019,4.590000000000004,4.589999999999975,4.590000000000043,0.010558676422606019,0.004482421875000004,0.004482421874999976,0.004482421875000042,2.6691639442836254e-17,-1,-1,-1,-1,-1
luna20,0.125,pmdaproc,13.876430382165607,13.85230955414013,13.918987261146505,0.027760772088251725,19.2890000000001,19.28899999999999,19.289000000000275,0.027760772088251725,0.0188369140625001,0.01883691406249999,0.01883691406250027,1.1764443914972256e-16,-1,-1,-1,-1,-1
luna20,0.125,pmdalinux,1.4547465817409766,1.446987261146497,1.4667006369426752,0.008105840594661967,4.382999999999992,4.382999999999939,4.383000000000024,0.008105840594661967,0.004280273437499992,0.00428027343749994,0.004280273437500023,3.564846191270761e-17,-1,-1,-1,-1,-1
luna20,0.125,pmdaperfevent,0.6572987685774946,0.6187070063694267,0.6741242038216559,0.022444340321182584,5.976999999999979,5.976999999999938,5.977000000000031,0.022444340321182584,0.0058369140624999795,0.00583691406249994,0.005836914062500031,3.468687927405482e-17,-1,-1,-1,-1,-1
luna20,0.125,network,-1,-1,-1,-1,-1,-1,-1,-1,-1,-1,-1,-1,464.95099999999996,462.985,466.7619999999999,1.7694547182677032,-1
luna20,0.125,datapoints,-1,-1,-1,-1,-1,-1,-1,-1,-1,-1,-1,-1,-1,-1,-1,-1,1680
luna20,0.0625,pmie,0.0,0.0,0.0,0.0,4.2150000000000425,4.214999999999988,4.21500000000009,0.0,0.0041162109375000415,0.004116210937499989,0.0041162109375000875,4.271437340934659e-17,-1,-1,-1,-1,-1
luna20,0.0625,pmcd,0.9271821746905737,0.9169714285714285,0.9323661375661376,0.007005107827847847,4.590000000000048,4.589999999999984,4.590000000000094,0.007005107827847847,0.004482421875000047,0.004482421874999984,0.004482421875000092,4.4825066645714497e-17,-1,-1,-1,-1,-1
luna20,0.0625,pmdaproc,27.763281028418117,27.726348792884345,27.795377777777755,0.0248282552577288,19.28900000000028,19.28899999999999,19.28900000000047,0.0248282552577288,0.018836914062500272,0.01883691406249999,0.01883691406250046,1.916598616574185e-16,-1,-1,-1,-1,-1
luna20,0.0625,pmdalinux,2.8912183837894894,2.858142857142857,2.942439008894536,0.031352409678804996,4.382999999999935,4.382999999999875,4.383000000000021,0.031352409678804996,0.004280273437499937,0.004280273437499878,0.004280273437500021,5.903924349775398e-17,-1,-1,-1,-1,-1
luna20,0.0625,pmdaperfevent,1.303146668212958,1.273250793650794,1.3344288437102922,0.02473877561486307,5.976999999999968,5.976999999999909,5.977000000000031,0.02473877561486307,0.005836914062499969,0.005836914062499911,0.005836914062500031,5.397680670764863e-17,-1,-1,-1,-1,-1
luna20,0.0625,network,-1,-1,-1,-1,-1,-1,-1,-1,-1,-1,-1,-1,926.1392,925.2914999999997,927.1505,0.8748025205725745,-1
luna20,0.0625,datapoints,-1,-1,-1,-1,-1,-1,-1,-1,-1,-1,-1,-1,-1,-1,-1,-1,1680
luna20,0.03125,pmie,0.0,0.0,0.0,0.0,4.215000000000055,4.214999999999973,4.215000000000102,0.0,0.004116210937500054,0.004116210937499974,0.0041162109375001,5.101606151271e-17,-1,-1,-1,-1,-1
luna20,0.03125,pmcd,1.2574051680875693,1.2016134663341642,1.2805022222222227,0.03196744314958737,4.590000000000059,4.58999999999997,4.5900000000001056,0.03196744314958737,0.004482421875000058,0.00448242187499997,0.004482421875000103,5.3687519630128895e-17,-1,-1,-1,-1,-1
luna20,0.03125,pmdaproc,36.3517471690959,35.98577902621727,36.707229538461576,0.32240550527649775,19.289000000000208,19.28899999999992,19.289000000000478,0.32240550527649775,0.018836914062500203,0.01883691406249992,0.018836914062500466,2.5568906051773113e-16,-1,-1,-1,-1,-1
luna20,0.03125,pmdalinux,4.693043992173402,4.259276807980051,5.071926769230774,0.32280578203846466,4.382999999999917,4.382999999999861,4.383000000000025,0.32280578203846466,0.004280273437499919,0.004280273437499864,0.004280273437500024,6.497865222422477e-17,-1,-1,-1,-1,-1
luna20,0.03125,pmdaperfevent,1.682495296844188,1.6598158024691365,1.7515012468827926,0.038934646826043307,5.977000000000017,5.9769999999999115,5.977000000000187,0.038934646826043307,0.005836914062500017,0.005836914062499914,0.0058369140625001825,1.0607660298144178e-16,-1,-1,-1,-1,-1
luna20,0.03125,network,-1,-1,-1,-1,-1,-1,-1,-1,-1,-1,-1,-1,1192.8056,1177.4544999999998,1212.917,18.252449210311468,-1
luna20,0.03125,datapoints,-1,-1,-1,-1,-1,-1,-1,-1,-1,-1,-1,-1,-1,-1,-1,-1,1680
luna30,1,pmie,0.0,0.0,0.0,0.0,4.214999999999999,4.214999999999992,4.2150000000000025,0.0,0.004116210937499999,0.004116210937499992,0.0041162109375000025,4.630444574660032e-18,-1,-1,-1,-1,-1
luna30,1,pmcd,0.12916684210526314,0.11653947368421051,0.15505263157894736,0.015205687584027468,4.589999999999998,4.58999999999999,4.5900000000000025,0.015205687584027468,0.004482421874999998,0.00448242187499999,0.0044824218750000025,5.2545229385848046e-18,-1,-1,-1,-1,-1
luna30,1,pmdaproc,2.637107368421052,2.626526315789473,2.651947368421052,0.010767012306885372,19.28899999999999,19.28899999999999,19.288999999999994,0.010767012306885372,0.01883691406249999,0.01883691406249999,0.018836914062499995,1.5515838457795456e-18,-1,-1,-1,-1,-1
luna30,1,pmdalinux,0.21687736842105265,0.20963157894736842,0.2310315789473685,0.009788004912453087,4.382999999999999,4.382999999999995,4.383000000000004,0.009788004912453087,0.004280273437499999,0.004280273437499995,0.0042802734375000035,3.3255151258919393e-18,-1,-1,-1,-1,-1
luna30,1,pmdaperfevent,0.1256421052631579,0.10531578947368421,0.1368421052631579,0.01242536722566061,5.976999999999996,5.976999999999988,5.977000000000003,0.01242536722566061,0.005836914062499996,0.005836914062499988,0.005836914062500003,6.588524522771805e-18,-1,-1,-1,-1,-1
luna30,1,network,-1,-1,-1,-1,-1,-1,-1,-1,-1,-1,-1,-1,129.6661,129.50900000000001,129.758,0.09917056014765283,-1
luna30,1,datapoints,-1,-1,-1,-1,-1,-1,-1,-1,-1,-1,-1,-1,-1,-1,-1,-1,5863
luna30,0.5,pmie,0.0,0.0,0.0,0.0,4.214999999999999,4.214999999999989,4.215000000000006,0.0,0.004116210937499999,0.0041162109374999895,0.004116210937500006,6.27265070849028e-18,-1,-1,-1,-1,-1
luna30,0.5,pmcd,0.2023565811965812,0.20223589743589743,0.20246153846153847,8.5306253236564e-05,4.59,4.589999999999992,4.590000000000008,8.5306253236564e-05,0.004482421875,0.004482421874999992,0.004482421875000008,6.296592210436858e-18,-1,-1,-1,-1,-1
luna30,0.5,pmdaproc,5.11390623931624,5.092307692307692,5.130980769230771,0.01678225185261241,19.28900000000003,19.28899999999999,19.289000000000094,0.01678225185261241,0.01883691406250003,0.01883691406249999,0.01883691406250009,4.559386618529923e-17,-1,-1,-1,-1,-1
luna30,0.5,pmdalinux,0.406658547008547,0.3980000000000001,0.40994871794871796,0.004902513738133647,4.383000000000002,4.382999999999994,4.3830000000000116,0.004902513738133647,0.004280273437500002,0.004280273437499994,0.004280273437500011,6.673614460242278e-18,-1,-1,-1,-1,-1
luna30,0.5,pmdaperfevent,0.16336965811965812,0.15314102564102564,0.17387179487179488,0.0096725909850207,5.976999999999992,5.976999999999983,5.977000000000003,0.0096725909850207,0.0058369140624999925,0.005836914062499984,0.005836914062500003,8.066930473328863e-18,-1,-1,-1,-1,-1
luna30,0.5,network,-1,-1,-1,-1,-1,-1,-1,-1,-1,-1,-1,-1,239.55710000000002,236.71150000000003,247.7795,4.623938086198821,-1
luna30,0.5,datapoints,-1,-1,-1,-1,-1,-1,-1,-1,-1,-1,-1,-1,-1,-1,-1,-1,5863
luna30,0.25,pmie,0.0,0.0,0.0,0.0,4.214999999999994,4.214999999999975,4.21500000000001,0.0,0.004116210937499994,0.004116210937499976,0.004116210937500009,1.261407607902001e-17,-1,-1,-1,-1,-1
luna30,0.25,pmcd,0.30561166666666667,0.3045102564102564,0.30803846153846154,0.0014227315647000764,4.589999999999991,4.5899999999999705,4.590000000000005,0.0014227315647000764,0.004482421874999991,0.004482421874999971,0.004482421875000005,1.3774403514400316e-17,-1,-1,-1,-1,-1
luna30,0.25,pmdaproc,10.21892,10.186115384615388,10.235858974358976,0.02098576116708551,19.289000000000012,19.288999999999945,19.289000000000065,0.02098576116708551,0.018836914062500012,0.018836914062499946,0.018836914062500064,5.0670557102830774e-17,-1,-1,-1,-1,-1
luna30,0.25,pmdalinux,0.7419095726495727,0.7132820512820511,0.7552102564102565,0.01693410151076576,4.383000000000012,4.382999999999998,4.383000000000024,0.01693410151076576,0.004280273437500012,0.004280273437499998,0.004280273437500023,1.0753186890484457e-17,-1,-1,-1,-1,-1
luna30,0.25,pmdaperfevent,0.35407760683760686,0.33353205128205127,0.35958461538461545,0.011497781607837557,5.9770000000000065,5.976999999999983,5.977000000000031,0.011497781607837557,0.005836914062500006,0.005836914062499984,0.005836914062500031,1.8809954695392063e-17,-1,-1,-1,-1,-1
luna30,0.25,network,-1,-1,-1,-1,-1,-1,-1,-1,-1,-1,-1,-1,447.5093,446.91999999999996,447.8915,0.37378513212809156,-1
luna30,0.25,datapoints,-1,-1,-1,-1,-1,-1,-1,-1,-1,-1,-1,-1,-1,-1,-1,-1,5863
luna30,0.125,pmie,0.0,0.0,0.0,0.0,4.214999999999998,4.214999999999965,4.215000000000033,0.0,0.004116210937499998,0.004116210937499966,0.004116210937500032,2.3966509123896256e-17,-1,-1,-1,-1,-1
luna30,0.125,pmcd,0.6325213888888888,0.6193333333333333,0.6461303418803417,0.009633999076231805,4.590000000000003,4.589999999999974,4.5900000000000425,0.009633999076231805,0.004482421875000003,0.004482421874999975,0.0044824218750000415,2.651205759768352e-17,-1,-1,-1,-1,-1
luna30,0.125,pmdaproc,20.44373606837607,20.419480769230766,20.513589743589733,0.039847310162674475,19.2890000000001,19.28899999999999,19.28900000000027,0.039847310162674475,0.0188369140625001,0.01883691406249999,0.018836914062500265,1.165599933572266e-16,-1,-1,-1,-1,-1
luna30,0.125,pmdalinux,1.495171965811966,1.4447051282051284,1.577838461538462,0.06289310834101984,4.382999999999992,4.38299999999994,4.383000000000025,0.06289310834101984,0.004280273437499992,0.004280273437499941,0.004280273437500024,3.522919725955983e-17,-1,-1,-1,-1,-1
luna30,0.125,pmdaperfevent,0.7206299572649573,0.7007222222222224,0.7387833333333335,0.016693014746448628,5.97699999999998,5.976999999999938,5.977000000000031,0.016693014746448628,0.00583691406249998,0.00583691406249994,0.005836914062500031,3.454561449408611e-17,-1,-1,-1,-1,-1
luna30,0.125,network,-1,-1,-1,-1,-1,-1,-1,-1,-1,-1,-1,-1,879.2198,870.915,900.4070000000002,12.005836635778541,-1
luna30,0.125,datapoints,-1,-1,-1,-1,-1,-1,-1,-1,-1,-1,-1,-1,-1,-1,-1,-1,5863
luna30,0.0625,pmie,0.0,0.0,0.0,0.0,4.215000000000011,4.214999999999977,4.215000000000053,0.0,0.004116210937500011,0.004116210937499977,0.004116210937500052,2.993089291507815e-17,-1,-1,-1,-1,-1
luna30,0.0625,pmcd,0.7343553325606732,0.7190160427807486,0.7471844532279314,0.01138901825782828,4.590000000000017,4.589999999999973,4.59000000000006,0.01138901825782828,0.004482421875000016,0.004482421874999974,0.004482421875000059,3.307936186345576e-17,-1,-1,-1,-1,-1
luna30,0.0625,pmdaproc,25.139612645841282,25.077123548046444,25.203040421792597,0.04479221715317237,19.28900000000015,19.28899999999995,19.28900000000034,0.04479221715317237,0.018836914062500147,0.018836914062499953,0.01883691406250033,1.4814579110628758e-16,-1,-1,-1,-1,-1
luna30,0.0625,pmdalinux,1.8041766599277338,1.7700106951871655,1.8227613516367476,0.023034459684710937,4.382999999999976,4.3829999999999165,4.383000000000024,0.023034459684710937,0.004280273437499977,0.0042802734374999185,0.004280273437500023,4.4198868262652946e-17,-1,-1,-1,-1,-1
luna30,0.0625,pmdaperfevent,0.8359868005226253,0.8213109354413701,0.8736791443850265,0.02144898950307325,5.976999999999968,5.976999999999925,5.977000000000019,0.02144898950307325,0.005836914062499969,0.005836914062499927,0.0058369140625000185,3.717735415076834e-17,-1,-1,-1,-1,-1
luna30,0.0625,network,-1,-1,-1,-1,-1,-1,-1,-1,-1,-1,-1,-1,1054.9491,1043.1585,1074.732,12.376906789460758,-1
luna30,0.0625,datapoints,-1,-1,-1,-1,-1,-1,-1,-1,-1,-1,-1,-1,-1,-1,-1,-1,5863
luna30,0.03125,pmie,0.0,0.0,0.0,0.0,4.2150000000000105,4.214999999999978,4.215000000000051,0.0,0.00411621093750001,0.004116210937499978,0.00411621093750005,2.910512410172087e-17,-1,-1,-1,-1,-1
luna30,0.03125,pmcd,0.7475917896027457,0.7284213333333335,0.7715555555555557,0.015709150077068773,4.590000000000016,4.589999999999973,4.590000000000059,0.015709150077068773,0.0044824218750000155,0.004482421874999974,0.004482421875000058,3.275711921475712e-17,-1,-1,-1,-1,-1
luna30,0.03125,pmdaproc,24.93998113958158,24.89582666666667,24.999135458167352,0.0540786124662891,19.28900000000015,19.28899999999995,19.289000000000335,0.0540786124662891,0.018836914062500147,0.018836914062499953,0.018836914062500328,1.4663083037565123e-16,-1,-1,-1,-1,-1
luna30,0.03125,pmdalinux,1.811206732545566,1.7876666666666663,1.84009574468085,0.020468279932667418,4.382999999999977,4.382999999999918,4.383000000000024,0.020468279932667418,0.0042802734374999775,0.00428027343749992,0.004280273437500023,4.3523931994215924e-17,-1,-1,-1,-1,-1
luna30,0.03125,pmdaperfevent,0.8554783878411378,0.8399583333333329,0.8741306666666666,0.013484272549486163,5.976999999999969,5.976999999999926,5.97700000000002,0.013484272549486163,0.00583691406249997,0.0058369140624999274,0.005836914062500019,3.7336875344987925e-17,-1,-1,-1,-1,-1
luna30,0.03125,network,-1,-1,-1,-1,-1,-1,-1,-1,-1,-1,-1,-1,1054.4063999999998,1031.106,1066.4855,13.520239182425696,-1
luna30,0.03125,datapoints,-1,-1,-1,-1,-1,-1,-1,-1,-1,-1,-1,-1,-1,-1,-1,-1,5863
luna40,1,pmie,0.0,0.0,0.0,0.0,4.214999999999999,4.214999999999992,4.2150000000000025,0.0,0.004116210937499999,0.004116210937499992,0.0041162109375000025,4.630444574660032e-18,-1,-1,-1,-1,-1
luna40,1,pmcd,0.12155999999999999,0.10431578947368421,0.15642105263157893,0.021405126175586948,4.589999999999998,4.58999999999999,4.5900000000000025,0.021405126175586948,0.004482421874999998,0.00448242187499999,0.0044824218750000025,5.2545229385848046e-18,-1,-1,-1,-1,-1
luna40,1,pmdaproc,2.7302647368421047,2.7097578947368417,2.7815789473684207,0.029683769803559214,19.28899999999999,19.28899999999999,19.288999999999994,0.029683769803559214,0.01883691406249999,0.01883691406249999,0.018836914062499995,1.5515838457795456e-18,-1,-1,-1,-1,-1
luna40,1,pmdalinux,0.24690263157894737,0.2359473684210526,0.2628421052631579,0.010151925912012543,4.382999999999999,4.382999999999995,4.383000000000004,0.010151925912012543,0.004280273437499999,0.004280273437499995,0.0042802734375000035,3.3255151258919393e-18,-1,-1,-1,-1,-1
luna40,1,pmdaperfevent,0.11005087719298245,0.10528070175438596,0.11847368421052631,0.006554253069767344,5.976999999999996,5.976999999999988,5.977000000000003,0.006554253069767344,0.005836914062499996,0.005836914062499988,0.005836914062500003,6.588524522771805e-18,-1,-1,-1,-1,-1
luna40,1,network,-1,-1,-1,-1,-1,-1,-1,-1,-1,-1,-1,-1,116.7962,116.34849999999999,117.75049999999999,0.5675694450901992,-1
luna40,1,datapoints,-1,-1,-1,-1,-1,-1,-1,-1,-1,-1,-1,-1,-1,-1,-1,-1,5308
luna40,0.5,pmie,0.0,0.0,0.0,0.0,4.214999999999999,4.214999999999989,4.215000000000006,0.0,0.004116210937499999,0.0041162109374999895,0.004116210937500006,6.27265070849028e-18,-1,-1,-1,-1,-1
luna40,0.5,pmcd,0.19426102564102563,0.1851538461538461,0.20220512820512818,0.007670801646250602,4.59,4.589999999999992,4.590000000000008,0.007670801646250602,0.004482421875,0.004482421874999992,0.004482421875000008,6.296592210436858e-18,-1,-1,-1,-1,-1
luna40,0.5,pmdaproc,5.234285470085471,5.169102564102564,5.271760683760685,0.03892333526559414,19.28900000000003,19.28899999999999,19.289000000000094,0.03892333526559414,0.01883691406250003,0.01883691406249999,0.01883691406250009,4.559386618529923e-17,-1,-1,-1,-1,-1
luna40,0.5,pmdalinux,0.4077192307692308,0.4067948717948718,0.40838461538461546,0.0006909471436315542,4.383000000000002,4.382999999999994,4.3830000000000116,0.0006909471436315542,0.004280273437500002,0.004280273437499994,0.004280273437500011,6.673614460242278e-18,-1,-1,-1,-1,-1
luna40,0.5,pmdaperfevent,0.2083662393162393,0.20243589743589743,0.2169807692307692,0.00682455244208528,5.976999999999992,5.976999999999983,5.977000000000003,0.00682455244208528,0.0058369140624999925,0.005836914062499984,0.005836914062500003,8.066930473328863e-18,-1,-1,-1,-1,-1
luna40,0.5,network,-1,-1,-1,-1,-1,-1,-1,-1,-1,-1,-1,-1,213.08820000000003,212.68800000000002,213.65700000000007,0.36683078524029983,-1
luna40,0.5,datapoints,-1,-1,-1,-1,-1,-1,-1,-1,-1,-1,-1,-1,-1,-1,-1,-1,5308
luna40,0.25,pmie,0.0,0.0,0.0,0.0,4.214999999999994,4.214999999999975,4.21500000000001,0.0,0.004116210937499994,0.004116210937499976,0.004116210937500009,1.261407607902001e-17,-1,-1,-1,-1,-1
luna40,0.25,pmcd,0.331863547008547,0.31677350427350426,0.3495897435897436,0.01495090902776306,4.589999999999991,4.5899999999999705,4.590000000000005,0.01495090902776306,0.004482421874999991,0.004482421874999971,0.004482421875000005,1.3774403514400316e-17,-1,-1,-1,-1,-1
luna40,0.25,pmdaproc,10.345348504273502,10.30150641025641,10.384038461538458,0.031971350815891884,19.289000000000012,19.288999999999945,19.289000000000065,0.031971350815891884,0.018836914062500012,0.018836914062499946,0.018836914062500064,5.0670557102830774e-17,-1,-1,-1,-1,-1
luna40,0.25,pmdalinux,0.8133278632478632,0.7955320512820512,0.8343589743589741,0.015678759401358686,4.383000000000012,4.382999999999998,4.383000000000024,0.015678759401358686,0.004280273437500012,0.004280273437499998,0.004280273437500023,1.0753186890484457e-17,-1,-1,-1,-1,-1
luna40,0.25,pmdaperfevent,0.334809358974359,0.30658974358974356,0.34831282051282064,0.016867763062123044,5.9770000000000065,5.976999999999983,5.977000000000031,0.016867763062123044,0.005836914062500006,0.005836914062499984,0.005836914062500031,1.8809954695392063e-17,-1,-1,-1,-1,-1
luna40,0.25,network,-1,-1,-1,-1,-1,-1,-1,-1,-1,-1,-1,-1,401.207,400.51800000000003,401.9655000000001,0.6557694907511388,-1
luna40,0.25,datapoints,-1,-1,-1,-1,-1,-1,-1,-1,-1,-1,-1,-1,-1,-1,-1,-1,5308
luna40,0.125,pmie,0.0,0.0,0.0,0.0,4.214999999999998,4.214999999999965,4.215000000000033,0.0,0.004116210937499998,0.004116210937499966,0.004116210937500032,2.3966509123896256e-17,-1,-1,-1,-1,-1
luna40,0.125,pmcd,0.6304700037211629,0.61799518459069,0.6544451612903225,0.014162694780480337,4.590000000000003,4.589999999999973,4.5900000000000425,0.014162694780480337,0.004482421875000003,0.004482421874999974,0.0044824218750000415,2.6750763446327703e-17,-1,-1,-1,-1,-1
luna40,0.125,pmdaproc,20.85076628261259,20.795245501285358,20.97514838709676,0.07174231890776628,19.2890000000001,19.28899999999999,19.28900000000027,0.07174231890776628,0.0188369140625001,0.01883691406249999,0.018836914062500265,1.165599933572266e-16,-1,-1,-1,-1,-1
luna40,0.125,pmdalinux,1.580906477956163,1.5698709677419354,1.5933083511777297,0.008377019468541538,4.382999999999992,4.38299999999994,4.383000000000026,0.008377019468541538,0.004280273437499992,0.004280273437499941,0.004280273437500025,3.5357094566257745e-17,-1,-1,-1,-1,-1
luna40,0.125,pmdaperfevent,0.7128633163603346,0.6929548387096774,0.7282411575562701,0.014100901653315238,5.97699999999998,5.976999999999938,5.977000000000031,0.014100901653315238,0.00583691406249998,0.00583691406249994,0.005836914062500031,3.459892817788134e-17,-1,-1,-1,-1,-1
luna40,0.125,network,-1,-1,-1,-1,-1,-1,-1,-1,-1,-1,-1,-1,778.9843000000001,778.5555,779.2865,0.2712924160384987,-1
luna40,0.125,datapoints,-1,-1,-1,-1,-1,-1,-1,-1,-1,-1,-1,-1,-1,-1,-1,-1,5308
luna40,0.0625,pmie,0.0,0.0,0.0,0.0,4.215000000000015,4.214999999999973,4.215000000000058,0.0,0.004116210937500015,0.004116210937499974,0.004116210937500056,3.2000829092652434e-17,-1,-1,-1,-1,-1
luna40,0.0625,pmcd,0.747482229617045,0.7176633165829146,0.7591571072319204,0.016939111442884097,4.59000000000002,4.58999999999997,4.590000000000065,0.016939111442884097,0.00448242187500002,0.00448242187499997,0.004482421875000063,3.578642454030661e-17,-1,-1,-1,-1,-1
luna40,0.0625,pmdaproc,27.318368564937785,27.187628742514953,27.39861386138611,0.08442023000676341,19.289000000000165,19.28899999999994,19.28900000000036,0.08442023000676341,0.01883691406250016,0.018836914062499942,0.018836914062500352,1.5985079148117365e-16,-1,-1,-1,-1,-1
luna40,0.0625,pmdalinux,2.0947126204804642,2.0673768656716422,2.123773869346734,0.025522212094458513,4.3829999999999725,4.382999999999911,4.383000000000025,0.025522212094458513,0.004280273437499973,0.004280273437499913,0.004280273437500024,4.7275591113709253e-17,-1,-1,-1,-1,-1
luna40,0.0625,pmdaperfevent,0.9126695954070092,0.8990548902195609,0.9365979899497486,0.01613748861528897,5.976999999999965,5.976999999999921,5.977000000000009,0.01613748861528897,0.005836914062499966,0.005836914062499923,0.005836914062500009,3.731873646085864e-17,-1,-1,-1,-1,-1
luna40,0.0625,network,-1,-1,-1,-1,-1,-1,-1,-1,-1,-1,-1,-1,999.9632999999999,985.4165,1024.0459999999998,16.28776080220966,-1
luna40,0.0625,datapoints,-1,-1,-1,-1,-1,-1,-1,-1,-1,-1,-1,-1,-1,-1,-1,-1,5308
luna40,0.03125,pmie,0.0,0.0,0.0,0.0,4.215000000000013,4.214999999999975,4.215000000000056,0.0,0.004116210937500013,0.004116210937499976,0.0041162109375000545,3.104379629778137e-17,-1,-1,-1,-1,-1
luna40,0.03125,pmcd,0.7672772075407306,0.7587293519695043,0.7772603092783505,0.007484642395137766,4.5900000000000185,4.589999999999971,4.590000000000063,0.007484642395137766,0.004482421875000018,0.004482421874999972,0.0044824218750000614,3.4647817460679387e-17,-1,-1,-1,-1,-1
luna40,0.03125,pmdaproc,26.811886141260718,26.721010309278366,26.914770797962696,0.09172280577650908,19.28900000000016,19.288999999999948,19.28900000000035,0.09172280577650908,0.018836914062500158,0.01883691406249995,0.01883691406250034,1.538808261813052e-16,-1,-1,-1,-1,-1
luna40,0.03125,pmdalinux,1.9689714500844508,1.9612200614124866,1.9779278350515461,0.006545090219185863,4.382999999999973,4.382999999999914,4.383000000000024,0.006545090219185863,0.004280273437499974,0.004280273437499916,0.004280273437500023,4.569770038161662e-17,-1,-1,-1,-1,-1
luna40,0.03125,pmdaperfevent,0.8969687088681054,0.8850463917525774,0.9111817026683608,0.011612313724373553,5.976999999999967,5.976999999999923,5.9770000000000145,0.011612313724373553,0.005836914062499967,0.005836914062499925,0.005836914062500014,3.760790878139034e-17,-1,-1,-1,-1,-1
luna40,0.03125,network,-1,-1,-1,-1,-1,-1,-1,-1,-1,-1,-1,-1,984.5838,953.5994999999999,1007.1015,20.509245986871377,-1
luna40,0.03125,datapoints,-1,-1,-1,-1,-1,-1,-1,-1,-1,-1,-1,-1,-1,-1,-1,-1,5308
luna50,1,pmie,0.0,0.0,0.0,0.0,4.214999999999999,4.214999999999992,4.2150000000000025,0.0,0.004116210937499999,0.004116210937499992,0.0041162109375000025,4.630444574660032e-18,-1,-1,-1,-1,-1
luna50,1,pmcd,0.12831684210526315,0.11466315789473681,0.1566842105263158,0.017013775744876662,4.589999999999998,4.58999999999999,4.5900000000000025,0.017013775744876662,0.004482421874999998,0.00448242187499999,0.0044824218750000025,5.2545229385848046e-18,-1,-1,-1,-1,-1
luna50,1,pmdaproc,2.7479168421052638,2.7316842105263164,2.7663684210526323,0.015600570165019407,19.28899999999999,19.28899999999999,19.288999999999994,0.015600570165019407,0.01883691406249999,0.01883691406249999,0.018836914062499995,1.5515838457795456e-18,-1,-1,-1,-1,-1
luna50,1,pmdalinux,0.2884257894736842,0.24185263157894735,0.36810526315789466,0.04806161328695854,4.382999999999999,4.382999999999995,4.383000000000004,0.04806161328695854,0.004280273437499999,0.004280273437499995,0.0042802734375000035,3.3255151258919393e-18,-1,-1,-1,-1,-1
luna50,1,pmdaperfevent,0.12910701754385964,0.10531578947368421,0.14029824561403506,0.013810609443837676,5.976999999999996,5.976999999999988,5.977000000000003,0.013810609443837676,0.005836914062499996,0.005836914062499988,0.005836914062500003,6.588524522771805e-18,-1,-1,-1,-1,-1
luna50,1,network,-1,-1,-1,-1,-1,-1,-1,-1,-1,-1,-1,-1,121.0914,120.50249999999998,122.25850000000003,0.679648843153596,-1
luna50,1,datapoints,-1,-1,-1,-1,-1,-1,-1,-1,-1,-1,-1,-1,-1,-1,-1,-1,5496
luna50,0.5,pmie,0.0,0.0,0.0,0.0,4.214999999999999,4.214999999999989,4.215000000000006,0.0,0.004116210937499999,0.0041162109374999895,0.004116210937500006,6.27265070849028e-18,-1,-1,-1,-1,-1
luna50,0.5,pmcd,0.1947669230769231,0.18615384615384617,0.2027179487179487,0.007467204342785174,4.59,4.589999999999992,4.590000000000008,0.007467204342785174,0.004482421875,0.004482421874999992,0.004482421875000008,6.296592210436858e-18,-1,-1,-1,-1,-1
luna50,0.5,pmdaproc,5.405066410256411,5.392358974358973,5.425410256410257,0.012374854225162775,19.28900000000003,19.28899999999999,19.289000000000094,0.012374854225162775,0.01883691406250003,0.01883691406249999,0.01883691406250009,4.559386618529923e-17,-1,-1,-1,-1,-1
luna50,0.5,pmdalinux,0.5121390598290598,0.5114786324786325,0.5126923076923077,0.0005598667045476115,4.383000000000002,4.382999999999994,4.3830000000000116,0.0005598667045476115,0.004280273437500002,0.004280273437499994,0.004280273437500011,6.673614460242278e-18,-1,-1,-1,-1,-1
luna50,0.5,pmdaperfevent,0.20110393162393161,0.15407692307692306,0.2242974358974359,0.027557729605813003,5.976999999999992,5.976999999999983,5.977000000000003,0.027557729605813003,0.0058369140624999925,0.005836914062499984,0.005836914062500003,8.066930473328863e-18,-1,-1,-1,-1,-1
luna50,0.5,network,-1,-1,-1,-1,-1,-1,-1,-1,-1,-1,-1,-1,220.7438,220.02899999999994,221.379,0.5191705644583672,-1
luna50,0.5,datapoints,-1,-1,-1,-1,-1,-1,-1,-1,-1,-1,-1,-1,-1,-1,-1,-1,5496
luna50,0.25,pmie,0.0,0.0,0.0,0.0,4.214999999999994,4.214999999999975,4.21500000000001,0.0,0.004113605740704108,0.004103184953520559,0.004116210937500009,5.825397130368603e-06,-1,-1,-1,-1,-1
luna50,0.25,pmcd,0.32408182057873575,0.3137948717948718,0.3323205128205128,0.007612391776850181,4.589999999999991,4.5899999999999705,4.590000000000005,0.007612391776850181,0.004482421874999991,0.004482421874999971,0.004482421875000005,1.3774403514400316e-17,-1,-1,-1,-1,-1
luna50,0.25,pmdaproc,10.718235924900574,10.68806837606837,10.740886889460148,0.021782276498950027,19.289000000000012,19.288999999999945,19.289000000000065,0.021782276498950027,0.018836914062500012,0.018836914062499946,0.018836914062500064,5.0670557102830774e-17,-1,-1,-1,-1,-1
luna50,0.25,pmdalinux,1.1558344676246348,1.09408547008547,1.2621285347043705,0.0708235418091152,4.383000000000012,4.382999999999998,4.383000000000024,0.0708235418091152,0.004280273437500012,0.004280273437499998,0.004280273437500023,1.0753186890484457e-17,-1,-1,-1,-1,-1
luna50,0.25,pmdaperfevent,0.44450515237404703,0.43651282051282064,0.4619358974358974,0.010387741492766674,5.9770000000000065,5.976999999999983,5.977000000000031,0.010387741492766674,0.005836914062500006,0.005836914062499984,0.005836914062500031,1.8809954695392063e-17,-1,-1,-1,-1,-1
luna50,0.25,network,-1,-1,-1,-1,-1,-1,-1,-1,-1,-1,-1,-1,414.09710000000007,410.476,415.2365,2.0290669468995084,-1
luna50,0.25,datapoints,-1,-1,-1,-1,-1,-1,-1,-1,-1,-1,-1,-1,-1,-1,-1,-1,5496
luna50,0.125,pmie,0.002081701030927835,0.0,0.010408505154639175,0.004654825013986031,4.214999999999998,4.214999999999965,4.215000000000033,0.004654825013986031,0.004116210937499998,0.004116210937499966,0.004116210937500032,2.3906793120880995e-17,-1,-1,-1,-1,-1
luna50,0.125,pmcd,0.5999584611495424,0.5822115384615385,0.6093304721030043,0.011776229679704299,4.590000000000003,4.589999999999973,4.590000000000042,0.011776229679704299,0.004482421875000003,0.004482421874999974,0.004482421875000041,2.6339820990472215e-17,-1,-1,-1,-1,-1
luna50,0.125,pmdaproc,21.63010594012031,21.581197164948456,21.744410256410262,0.06652455562054076,19.289000000000097,19.28899999999999,19.289000000000268,0.06652455562054076,0.018836914062500095,0.01883691406249999,0.01883691406250026,1.1549663318604614e-16,-1,-1,-1,-1,-1
luna50,0.125,pmdalinux,2.912432115409734,2.8757363344051425,2.928076923076923,0.022066233197033634,4.382999999999993,4.3829999999999405,4.383000000000026,0.022066233197033634,0.004280273437499993,0.004280273437499942,0.004280273437500025,3.498812971424933e-17,-1,-1,-1,-1,-1
luna50,0.125,pmdaperfevent,0.7667079455261583,0.7593669527896993,0.7740032154340836,0.006540538611418384,5.97699999999998,5.976999999999939,5.977000000000031,0.006540538611418384,0.00583691406249998,0.0058369140624999405,0.005836914062500031,3.434577253370758e-17,-1,-1,-1,-1,-1
luna50,0.125,network,-1,-1,-1,-1,-1,-1,-1,-1,-1,-1,-1,-1,804.9656,801.3019999999999,806.366,2.136318515577691,-1
luna50,0.125,datapoints,-1,-1,-1,-1,-1,-1,-1,-1,-1,-1,-1,-1,-1,-1,-1,-1,5496
luna50,0.0625,pmie,0.0,0.0,0.0,0.0,4.215000000000012,4.214999999999977,4.215000000000054,0.0,0.004112010722257664,0.004095209861288271,0.004116210937500053,9.391966802022106e-06,-1,-1,-1,-1,-1
luna50,0.0625,pmcd,0.747854730959693,0.7356509186351706,0.7585434027777778,0.01085997728831256,4.590000000000018,4.589999999999972,4.590000000000061,0.01085997728831256,0.004482421875000017,0.004482421874999973,0.00448242187500006,3.335905268426023e-17,-1,-1,-1,-1,-1
luna50,0.0625,pmdaproc,26.827187854684606,26.681107329842916,27.21786153846155,0.22346179845238034,19.289000000000154,19.288999999999948,19.289000000000343,0.22346179845238034,0.01883691406250015,0.01883691406249995,0.018836914062500335,1.4968964959786046e-16,-1,-1,-1,-1,-1
luna50,0.0625,pmdalinux,2.723979959247701,2.5366603970741903,3.1620205128205123,0.25525086027752353,4.382999999999975,4.382999999999916,4.383000000000024,0.25525086027752353,0.004280273437499976,0.004280273437499918,0.004280273437500023,4.4656917404834614e-17,-1,-1,-1,-1,-1
luna50,0.0625,pmdaperfevent,0.9004300730628975,0.879276923076923,0.9314934383202097,0.023562550836289387,5.976999999999968,5.976999999999924,5.977000000000017,0.023562550836289387,0.005836914062499969,0.005836914062499926,0.005836914062500017,3.7779553262621143e-17,-1,-1,-1,-1,-1
luna50,0.0625,network,-1,-1,-1,-1,-1,-1,-1,-1,-1,-1,-1,-1,989.4019000000001,960.0385000000002,1005.8944999999998,20.449243382702328,-1
luna50,0.0625,datapoints,-1,-1,-1,-1,-1,-1,-1,-1,-1,-1,-1,-1,-1,-1,-1,-1,5496
luna50,0.03125,pmie,0.0,0.0,0.0,0.0,4.215000000000011,4.214999999999976,4.215000000000054,0.0,0.004116210937500011,0.0041162109374999764,0.004116210937500053,3.028695045152076e-17,-1,-1,-1,-1,-1
luna50,0.03125,pmcd,0.7818339587562585,0.7659560209424089,0.8011554404145079,0.013257792739805279,4.590000000000017,4.589999999999971,4.590000000000061,0.013257792739805279,0.004482421875000016,0.004482421874999972,0.00448242187500006,3.370791354489353e-17,-1,-1,-1,-1,-1
luna50,0.03125,pmdaproc,26.85544907447943,26.74667015706808,26.97733160621762,0.09177488314009688,19.289000000000154,19.288999999999948,19.289000000000343,0.09177488314009688,0.01883691406250015,0.01883691406249995,0.018836914062500335,1.4968964959786046e-16,-1,-1,-1,-1,-1
luna50,0.03125,pmdalinux,2.34604897486602,2.310333769633508,2.377782383419689,0.028028794708580603,4.382999999999975,4.382999999999916,4.383000000000024,0.028028794708580603,0.004280273437499976,0.004280273437499918,0.004280273437500023,4.4656917404834614e-17,-1,-1,-1,-1,-1
luna50,0.03125,pmdaperfevent,0.891625020650788,0.8757057591623036,0.9036927083333332,0.010617507562020952,5.976999999999968,5.976999999999924,5.977000000000016,0.010617507562020952,0.005836914062499969,0.005836914062499926,0.005836914062500016,3.7193539329659046e-17,-1,-1,-1,-1,-1
luna50,0.03125,network,-1,-1,-1,-1,-1,-1,-1,-1,-1,-1,-1,-1,994.2366000000001,981.6785000000002,1004.0799999999999,8.757925513499107,-1
luna50,0.03125,datapoints,-1,-1,-1,-1,-1,-1,-1,-1,-1,-1,-1,-1,-1,-1,-1,-1,5496
