poseidon_run,triad,1,1,1.0028132127065004,1
poseidon_run,triad,1,2,0.9978444474251973,1
poseidon_run,triad,1,4,1.0027139882774305,1
poseidon_run,triad,1,8,1.003618189169565,1
poseidon_run,triad,1,16,1.007719183319057,1
poseidon_run,triad,1,32,1.0105884166448402,1
poseidon_run,triad,1,64,1.0179978411566228,1
poseidon_run,triad,1,128,1.0386346941795712,1
poseidon_run,triad,1,256,1.0501080095244675,1
poseidon_run,sum,1,1,1.0007330316919256,1
poseidon_run,sum,1,2,1.0014920811660006,1
poseidon_run,sum,1,4,1.0017221917049952,1
poseidon_run,sum,1,8,1.00316543156906,1
poseidon_run,sum,1,16,1.0045914224163648,1
poseidon_run,sum,1,32,1.008609371697867,1
poseidon_run,sum,1,64,1.0200521674564222,1
poseidon_run,sum,1,128,0.5714148140202564,1
poseidon_run,sum,1,256,0.5223338599744604,1
poseidon_run,stream,1,1,1.0006112635430713,1
poseidon_run,stream,1,2,1.000521477047752,1
poseidon_run,stream,1,4,1.0012101295696743,1
poseidon_run,stream,1,8,1.0020656276598663,1
poseidon_run,stream,1,16,1.0040980216411326,1
poseidon_run,stream,1,32,1.0081803987971978,1
poseidon_run,stream,1,64,1.0185332105851872,1
poseidon_run,stream,1,128,1.0367316014083856,1
poseidon_run,stream,1,256,1.0281854758753706,1
poseidon_run,peakflops,1,1,1.000289823588671,1
poseidon_run,peakflops,1,2,1.000593028048199,1
poseidon_run,peakflops,1,4,1.0013418030017813,1
poseidon_run,peakflops,1,8,1.0021375271257407,1
poseidon_run,peakflops,1,16,1.004090848431178,1
poseidon_run,peakflops,1,32,1.008251656128412,1
poseidon_run,peakflops,1,64,1.0190181835137309,1
poseidon_run,peakflops,1,128,1.043538906266553,1
poseidon_run,peakflops,1,256,1.0408571939509887,1
poseidon_run,ddot,1,1,1.004150089931478,1
poseidon_run,ddot,1,2,1.0045349255882607,1
poseidon_run,ddot,1,4,1.0043630994171042,1
poseidon_run,ddot,1,8,1.0057763103359154,1
poseidon_run,ddot,1,16,1.00765576578895,1
poseidon_run,ddot,1,32,1.0115109931827526,1
poseidon_run,ddot,1,64,1.0225434021054434,1
poseidon_run,ddot,1,128,1.043462540950817,1
poseidon_run,ddot,1,256,1.0455280361624757,1
poseidon_run,daxpy,1,1,1.0015925532702896,1
poseidon_run,daxpy,1,2,1.0035797017357597,1
poseidon_run,daxpy,1,4,1.0036913286091702,1
poseidon_run,daxpy,1,8,1.0051556875138887,1
poseidon_run,daxpy,1,16,1.0071507493642133,1
poseidon_run,daxpy,1,32,1.0113901508604728,1
poseidon_run,daxpy,1,64,1.0223867188464484,1
poseidon_run,daxpy,1,128,1.0425577763512013,1
poseidon_run,daxpy,1,256,1.0357378089429892,1
poseidon_run,triad,2,1,0.9981678902206692,1
poseidon_run,triad,2,2,0.9999627833527118,1
poseidon_run,triad,2,4,1.0052415649935729,1
poseidon_run,triad,2,8,0.9996315149265407,1
poseidon_run,triad,2,16,1.0026286342314925,1
poseidon_run,triad,2,32,1.0051720594055154,1
poseidon_run,triad,2,64,1.012984199893853,1
poseidon_run,triad,2,128,1.030793832428834,1
poseidon_run,triad,2,256,1.0356987602887444,1
poseidon_run,sum,2,1,1.0010853904434989,1
poseidon_run,sum,2,2,1.001258722365887,1
poseidon_run,sum,2,4,1.0022832580754881,1
poseidon_run,sum,2,8,1.0029752565641146,1
poseidon_run,sum,2,16,1.0051208547606878,1
poseidon_run,sum,2,32,1.0083242392977945,1
poseidon_run,sum,2,64,1.019877849526006,1
poseidon_run,sum,2,128,0.5719823300768598,1
poseidon_run,sum,2,256,0.5194675592027639,1
poseidon_run,stream,2,1,0.9998610260235277,1
poseidon_run,stream,2,2,1.0001245560770404,1
poseidon_run,stream,2,4,1.0002018332419853,1
poseidon_run,stream,2,8,1.0014582204495088,1
poseidon_run,stream,2,16,1.0032494926408855,1
poseidon_run,stream,2,32,1.0076120783480107,1
poseidon_run,stream,2,64,1.0182148731996927,1
poseidon_run,stream,2,128,1.0226941727569714,1
poseidon_run,stream,2,256,1.0265729867554851,1
poseidon_run,peakflops,2,1,0.9999957852175435,1
poseidon_run,peakflops,2,2,1.0002650312358243,1
poseidon_run,peakflops,2,4,1.0007631435133426,1
poseidon_run,peakflops,2,8,1.0017208635303447,1
poseidon_run,peakflops,2,16,1.0036768619158687,1
poseidon_run,peakflops,2,32,1.007903645786825,1
poseidon_run,peakflops,2,64,1.0189890058471178,1
poseidon_run,peakflops,2,128,1.0350547207349439,1
poseidon_run,peakflops,2,256,1.017578821789711,1
poseidon_run,ddot,2,1,0.9980588814252433,1
poseidon_run,ddot,2,2,0.9980860830441953,1
poseidon_run,ddot,2,4,0.999023337608268,1
poseidon_run,ddot,2,8,0.9992519416708919,1
poseidon_run,ddot,2,16,1.0017683675825189,1
poseidon_run,ddot,2,32,1.0056826943576387,1
poseidon_run,ddot,2,64,1.0170340266018025,1
poseidon_run,ddot,2,128,1.0348440725877273,1
poseidon_run,ddot,2,256,1.0328662249234213,1
poseidon_run,daxpy,2,1,0.9976733497453857,1
poseidon_run,daxpy,2,2,0.9979657492727146,1
poseidon_run,daxpy,2,4,0.9986060721974808,1
poseidon_run,daxpy,2,8,0.9994706266082956,1
poseidon_run,daxpy,2,16,1.001253491571248,1
poseidon_run,daxpy,2,32,1.0056170809740088,1
poseidon_run,daxpy,2,64,1.0165839598745208,1
poseidon_run,daxpy,2,128,1.0276204553718453,1
poseidon_run,daxpy,2,256,1.0322899600616053,1
poseidon_run,triad,3,1,0.9956433884790363,1
poseidon_run,triad,3,2,0.9995596870197888,1
poseidon_run,triad,3,4,1.0006379869127546,1
poseidon_run,triad,3,8,1.0013260778109332,1
poseidon_run,triad,3,16,1.0032755887937346,1
poseidon_run,triad,3,32,1.0025419575337564,1
poseidon_run,triad,3,64,1.0207815147932353,1
poseidon_run,triad,3,128,1.0333366953305694,1
poseidon_run,triad,3,256,1.0316790645108467,1
poseidon_run,sum,3,1,0.999367281786799,1
poseidon_run,sum,3,2,0.9999624206221799,1
poseidon_run,sum,3,4,1.0004072728080744,1
poseidon_run,sum,3,8,1.0012101629533583,1
poseidon_run,sum,3,16,1.002447319689197,1
poseidon_run,sum,3,32,1.0069632128444317,1
poseidon_run,sum,3,64,1.0180171564827718,1
poseidon_run,sum,3,128,0.5659477651791933,1
poseidon_run,sum,3,256,0.5165603049227544,1
poseidon_run,stream,3,1,1.0005216042195135,1
poseidon_run,stream,3,2,1.0012088103113561,1
poseidon_run,stream,3,4,1.001429479668706,1
poseidon_run,stream,3,8,1.0020465446151692,1
poseidon_run,stream,3,16,1.004624539953796,1
poseidon_run,stream,3,32,1.0087185322144787,1
poseidon_run,stream,3,64,1.0193505336301525,1
poseidon_run,stream,3,128,1.032818449743496,1
poseidon_run,stream,3,256,1.0292671613536355,1
poseidon_run,peakflops,3,1,1.000454537414695,1
poseidon_run,peakflops,3,2,1.000723050555116,1
poseidon_run,peakflops,3,4,1.001230865379135,1
poseidon_run,peakflops,3,8,1.0021466222176088,1
poseidon_run,peakflops,3,16,1.0040989837807628,1
poseidon_run,peakflops,3,32,1.0082328783790375,1
poseidon_run,peakflops,3,64,1.018850322817864,1
poseidon_run,peakflops,3,128,1.0352848492233235,1
poseidon_run,peakflops,3,256,1.035244917965832,1
poseidon_run,ddot,3,1,0.9978660607893864,1
poseidon_run,ddot,3,2,0.9988334966343244,1
poseidon_run,ddot,3,4,0.9985875442186272,1
poseidon_run,ddot,3,8,0.9991856027477088,1
poseidon_run,ddot,3,16,1.0023492701018641,1
poseidon_run,ddot,3,32,1.005860915600148,1
poseidon_run,ddot,3,64,1.016321949019994,1
poseidon_run,ddot,3,128,1.0330441453868011,1
poseidon_run,ddot,3,256,1.0338396285324682,1
poseidon_run,daxpy,3,1,1.0003523794133424,1
poseidon_run,daxpy,3,2,1.000443197327179,1
poseidon_run,daxpy,3,4,1.0009623941960226,1
poseidon_run,daxpy,3,8,1.0020107817195933,1
poseidon_run,daxpy,3,16,1.0040300064651917,1
poseidon_run,daxpy,3,32,1.008028923887105,1
poseidon_run,daxpy,3,64,1.0198055051729533,1
poseidon_run,daxpy,3,128,1.030879949154768,1
poseidon_run,daxpy,3,256,1.0302124947184932,1
poseidon_run,triad,4,1,1.009368252575688,1
poseidon_run,triad,4,2,1.005082989381678,1
poseidon_run,triad,4,4,1.0090852084537962,1
poseidon_run,triad,4,8,1.0156303469354881,1
poseidon_run,triad,4,16,1.0107232279358074,1
poseidon_run,triad,4,32,1.0204820860518484,1
poseidon_run,triad,4,64,1.0270813832293741,1
poseidon_run,triad,4,128,1.0395807411367473,1
poseidon_run,triad,4,256,1.0322887592793288,1
poseidon_run,sum,4,1,1.0010835342501687,1
poseidon_run,sum,4,2,1.0005878163261752,1
poseidon_run,sum,4,4,1.001608224174043,1
poseidon_run,sum,4,8,1.0026705754826202,1
poseidon_run,sum,4,16,1.0045255458960471,1
poseidon_run,sum,4,32,1.0087365209882666,1
poseidon_run,sum,4,64,1.0202734041883497,1
poseidon_run,sum,4,128,0.5681594321323176,1
poseidon_run,sum,4,256,0.6206887794185055,1
poseidon_run,stream,4,1,1.0006416295163125,1
poseidon_run,stream,4,2,1.0008225703251514,1
poseidon_run,stream,4,4,1.0015795760934432,1
poseidon_run,stream,4,8,1.002350910539724,1
poseidon_run,stream,4,16,1.0036434962391128,1
poseidon_run,stream,4,32,1.0086014098724416,1
poseidon_run,stream,4,64,1.0187988607919434,1
poseidon_run,stream,4,128,1.0262901194299652,1
poseidon_run,stream,4,256,1.0293849054585142,1
poseidon_run,peakflops,4,1,1.0003195302551526,1
poseidon_run,peakflops,4,2,1.000578195052444,1
poseidon_run,peakflops,4,4,1.0009755980786024,1
poseidon_run,peakflops,4,8,1.0022647774257216,1
poseidon_run,peakflops,4,16,1.003936531994472,1
poseidon_run,peakflops,4,32,1.0081617416917847,1
poseidon_run,peakflops,4,64,1.0187367532324614,1
poseidon_run,peakflops,4,128,1.0319969729840974,1
poseidon_run,peakflops,4,256,1.028704271408134,1
poseidon_run,ddot,4,1,1.0030375889339793,1
poseidon_run,ddot,4,2,1.0032873709935504,1
poseidon_run,ddot,4,4,1.0036307502503923,1
poseidon_run,ddot,4,8,1.004022710183192,1
poseidon_run,ddot,4,16,1.0066667720657922,1
poseidon_run,ddot,4,32,1.0108392876905192,1
poseidon_run,ddot,4,64,1.0212438871974179,1
poseidon_run,ddot,4,128,1.0324139478546146,1
poseidon_run,ddot,4,256,1.0321308957289224,1
poseidon_run,daxpy,4,1,1.0004411678354452,1
poseidon_run,daxpy,4,2,1.0008194312778123,1
poseidon_run,daxpy,4,4,1.0012203698458253,1
poseidon_run,daxpy,4,8,1.0031119578789232,1
poseidon_run,daxpy,4,16,1.001606511724899,1
poseidon_run,daxpy,4,32,1.0067510447237926,1
poseidon_run,daxpy,4,64,1.0193237125311092,1
poseidon_run,daxpy,4,128,1.0258079367617583,1
poseidon_run,daxpy,4,256,1.0226210475637227,1
poseidon_run,triad,5,1,1.0079611238900623,1
poseidon_run,triad,5,2,1.0107354760987286,1
